Date,Day,Neighborhood,Party,Eat,Then,Backup,Transit,Don't,Eat link,Then start,Then cost,Then link,Backup note,Backup link,Corridor vibe,Budget
2026-09-28,Mon,Old Town,Couple,Twin Anchors Restaurant & Tavern,Best of The Second City,Green Mill: Joel Paterson & Friends,Walk Wells/North from Twin Anchors → Second City (~5–8 min). Backup: Red Line to Lawrence for Green Mill.,Don’t cut ribs dinner late — seated by 5:15 for a 7pm Best Of. Green Mill is 21+ nightcap only.,https://www.twinanchorsribs.com/,7:00 PM,Ticketed,https://do312.com/events/2026/9/28/best-of-the-second-city-tickets,Mon 8pm Uptown jazz staple — 21+/late. Couple or friends backup; not family.,https://greenmilljazz.com/events/joel-paterson-friends-2-2026-09-28/,"Classic Old Town weeknight — ribs, sketch comedy, optional Uptown jazz",food+show ~$90–140 for two
2026-09-28,Mon,Old Town,Family,Orso's,Best of The Second City,The Armando Diaz Experience at iO,Orso’s → Second City is an easy Old Town stroll. iO backup is a short ride to Kingsbury.,Skip Green Mill with kids. Confirm Second City age guidance for littles.,https://www.orsosrestaurant.com/,7:00 PM,Ticketed,https://do312.com/events/2026/9/28/best-of-the-second-city-tickets,If Best Of is tight: Armando at iO — check age vibe. Skip Green Mill with kids.,https://www.choosechicago.com/event/the-armando-diaz/2026-09-28/,"Classic Old Town weeknight — ribs, sketch comedy, optional Uptown jazz",food+show ~$90–140 for two
2026-09-28,Mon,Old Town,Friends,Twin Anchors Restaurant & Tavern,Best of The Second City,Green Mill: Joel Paterson & Friends,Ribs then sketch on Wells. Optional late jazz hop north to the Mill.,Don’t stack a second 9pm show without checking runtimes.,https://www.twinanchorsribs.com/,7:00 PM,Ticketed,https://do312.com/events/2026/9/28/best-of-the-second-city-tickets,Mon 8pm Uptown jazz staple — 21+/late. Couple or friends backup; not family.,https://greenmilljazz.com/events/joel-paterson-friends-2-2026-09-28/,"Classic Old Town weeknight — ribs, sketch comedy, optional Uptown jazz",food+show ~$90–140 for two
2026-09-30,Wed,Lincoln Park,Couple,Cafe Ba-Ba-Reeba,Topdog/Underdog at Steppenwolf,"Second City: Pandemonium, Please Hold",Halsted tapas → Steppenwolf (1650 N Halsted) walk/short ride. Second City backup ~10 min south.,Don’t under-budget curtain — be seated early. Read Topdog content notes before you go.,https://www.cafebabareeba.com/,7:30 PM,Ticketed,https://do312.com/events/2026/9/30/topdog-underdog-tickets,If Steppenwolf is scarce: Pandemonium at Second City — short ride south to Old Town.,https://do312.com/events/2026/9/30/pandemonium-please-hold-tickets,"Lincoln Park theater night — shareable tapas, serious stage, easy Halsted spine",food+show ~$120–180 for two
2026-09-30,Wed,Lincoln Park,Family,Cafe Ba-Ba-Reeba,Topdog/Underdog at Steppenwolf,"Second City: Pandemonium, Please Hold",Stay on Halsted — Ba-Ba-Reeba to Steppenwolf is easy.,Check Topdog advisories before bringing teens.,https://www.cafebabareeba.com/,7:30 PM,Ticketed,https://do312.com/events/2026/9/30/topdog-underdog-tickets,Pandemonium can work for older kids; Topdog is sharper/adult — check advisories.,https://do312.com/events/2026/9/30/pandemonium-please-hold-tickets,"Lincoln Park theater night — shareable tapas, serious stage, easy Halsted spine",food+show ~$120–180 for two
2026-09-30,Wed,Lincoln Park,Friends,Cafe Ba-Ba-Reeba,Topdog/Underdog at Steppenwolf,"Second City: Pandemonium, Please Hold",Share plates then theater on Halsted. Post-show nearby — not River North by default.,Book Steppenwolf early midweek for a group.,https://www.cafebabareeba.com/,7:30 PM,Ticketed,https://do312.com/events/2026/9/30/topdog-underdog-tickets,If Steppenwolf is scarce: Pandemonium at Second City — short ride south to Old Town.,https://do312.com/events/2026/9/30/pandemonium-please-hold-tickets,"Lincoln Park theater night — shareable tapas, serious stage, easy Halsted spine",food+show ~$120–180 for two
2026-10-01,Thu,Andersonville/Uptown,Couple,Anteprima,The Signature Show at Chicago Magic Lounge,Green Mill: Alan Gresik's Swing Orchestra,Anteprima (Uptown) → Magic Lounge (Andersonville) is a short Clark ride. Mill backup on Broadway.,Reserve Magic Lounge — cabaret seating books up. 21+; 16+ with guardian.,https://www.anteprimachicago.net/,8:00 PM,from ~$40+,https://www.chicagomagiclounge.com/signature-show,Uptown jazz backup — Alan Gresik swing orchestra at Green Mill. 21+. Not family.,https://greenmilljazz.com/events/8pm-midnight-alan-gresiks-swing-orchestra-2026-10-01/,"North-side magic cabaret — pasta, close-up wonder, optional Green Mill swing",food+show ~$110–160 for two
2026-10-01,Thu,Andersonville/Uptown,Family,Hopleaf,Inevitable: Magic & Mentalism at Stars & Garters,Chicago Magic Lounge Signature Show,Hopleaf → Stars & Garters (Avondale) short west ride; or stay north for Magic Lounge.,Green Mill late ≠ family plan. Confirm magic age rules.,https://hopleafbar.com/,7:00 PM,Ticketed,https://do312.com/events/2026/10/1/inevitable-a-new-magic-and-mentalism-show,Magic Lounge Signature can work 16+ with guardian — confirm policy. Skip Mill late sets with kids.,https://www.chicagomagiclounge.com/signature-show,"North-side magic cabaret — pasta, close-up wonder, optional Green Mill swing",food+show ~$110–160 for two
2026-10-01,Thu,Andersonville/Uptown,Friends,Anteprima,The Signature Show at Chicago Magic Lounge,Green Mill: Alan Gresik's Swing Orchestra,Italian in Uptown then cabaret magic — classic north-side stack. Mill for the nightcap crew.,Don’t stack Mill AND Magic without energy — pick one late room.,https://www.anteprimachicago.net/,8:00 PM,from ~$40+,https://www.chicagomagiclounge.com/signature-show,Uptown jazz backup — Alan Gresik swing orchestra at Green Mill. 21+. Not family.,https://greenmilljazz.com/events/8pm-midnight-alan-gresiks-swing-orchestra-2026-10-01/,"North-side magic cabaret — pasta, close-up wonder, optional Green Mill swing",food+show ~$110–160 for two
2026-10-02,Fri,Pilsen,Couple,Dusek's Board & Beer,Adam Paddock at Ramova Theatre,DJ Shadow at The Vic,Dusek’s (Thalia Hall block) → Ramova in Bridgeport is a short south ride. Pink Line + ride works.,Ramova is a proper theater — leave buffer from dinner.,https://www.dusekschicago.com/,7:30 PM,Ticketed,https://do312.com/events/2026/10/2/adam-paddock-tickets,If Ramova isn’t the mood: DJ Shadow’s Endtroducing anniversary at The Vic (Lakeview) — also Fri.,https://do312.com/events/2026/10/2/dj-shadow-celebrates-30-years-of-endtroducing-tickets,Pilsen Friday — beer-hall dinner then a Ramova stage night,food+show ~$90–140 for two
2026-10-02,Fri,Pilsen,Family,Pleasant House Pub,Adam Paddock at Ramova Theatre,Adam Paddock at Ramova (confirm age),Pleasant House → Ramova is an easy Pilsen/Bridgeport hop.,Skip Vic as family backup tonight — keep it local/earlier.,https://www.pleasanthousepub.com/,7:30 PM,Ticketed,https://do312.com/events/2026/10/2/adam-paddock-tickets,"Confirm age fit for Adam Paddock; if not, keep dessert in Pilsen — skip Vic club energy with kids.",https://do312.com/events/2026/10/2/adam-paddock-tickets,Pilsen Friday — beer-hall dinner then a Ramova stage night,food+show ~$90–140 for two
2026-10-02,Fri,Pilsen,Friends,5 Rabanitos,Adam Paddock at Ramova Theatre,DJ Shadow at The Vic,5 Rabanitos → Ramova. Post-show stay south/west — or deliberate Vic hop.,Don’t lose the group to a random second Uber across town.,https://www.5rabanitos.com/,7:30 PM,Ticketed,https://do312.com/events/2026/10/2/adam-paddock-tickets,If Ramova isn’t the mood: DJ Shadow’s Endtroducing anniversary at The Vic (Lakeview) — also Fri.,https://do312.com/events/2026/10/2/dj-shadow-celebrates-30-years-of-endtroducing-tickets,Pilsen Friday — beer-hall dinner then a Ramova stage night,food+show ~$90–140 for two
2026-10-03,Sat,Lakeview,Couple,Mia Francesca,Boy Harsher at Metro,Lineage at Smartbar,Mia Francesca (Southport/Lakeview) → Metro (3730 N Clark) is a short ride. Red Line Addison + walk.,Metro is a standing room show — leave bags light. Not a kids night; use Steppenwolf for family.,https://www.miafrancesca.com/,7:00 PM,Ticketed,https://do312.com/events/2026/10/3/boy-harsher-tickets,Sat late alternative — Smartbar/Metro corridor. 21+ club energy; not family.,https://smartbarchicago.com/event/lineage/,Lakeview Saturday — neighborhood Italian then a Metro darkwave night,food+show ~$90–150 for two
2026-10-03,Sat,Lakeview,Family,Spacca Napoli,Topdog/Underdog at Steppenwolf,Topdog/Underdog at Steppenwolf,Spacca Napoli → Steppenwolf is a south ride down Halsted/Clark corridor.,Do NOT use Metro/Boy Harsher as family Then.,https://www.spaccanapolipizzeria.com/,7:30 PM,Ticketed,https://do312.com/events/2026/9/17/topdog-underdog-tickets-info,Keep Steppenwolf as family primary; skip Metro/Smartbar with kids.,https://do312.com/events/2026/9/17/topdog-underdog-tickets-info,Lakeview Saturday — neighborhood Italian then a Metro darkwave night,food+show ~$90–150 for two
2026-10-03,Sat,Lakeview,Friends,Mia Francesca,Boy Harsher at Metro,Lineage at Smartbar,Pasta then Metro — classic Lakeview Saturday. Smartbar backup is steps away in the same nightlife pocket.,Buy Metro tickets ahead; door can be rough on big nights.,https://www.miafrancesca.com/,7:00 PM,Ticketed,https://do312.com/events/2026/10/3/boy-harsher-tickets,Sat late alternative — Smartbar/Metro corridor. 21+ club energy; not family.,https://smartbarchicago.com/event/lineage/,Lakeview Saturday — neighborhood Italian then a Metro darkwave night,food+show ~$90–150 for two
2026-10-04,Sun,West Loop/West Town,Couple,Avec,Outcast Jazz Band Big Band Dance Party,"Half Gringa, Matt Gold",Avec (West Loop) → Epiphany Center (201 S Ashland) is a short west ride/walk. Hideout backup north in West Town.,Big-band dance energy — wear shoes you can move in. Confirm ticket tier on Dice (price shown in-app).,https://www.avecrestaurant.com/,6:00 PM,from ~$25,https://dice.fm/event/8exkqv-outcast-jazz-bands-big-band-dance-party-4th-oct-epiphany-center-for-the-arts-epiphany-hall-chicago-tickets,If Epiphany isn’t your room: Half Gringa at The Hideout (West Town) — intimate Sunday set.,https://do312.com/events/2026/10/4/half-gringa-matt-gold-tickets,West Loop Sunday — shared plates then a big-band dance party at Epiphany,food+show ~$100–150 for two
2026-10-04,Sun,West Loop/West Town,Family,Monteverde,Outcast Jazz Band Big Band Dance Party,Outcast Jazz Band at Epiphany (confirm door),Monteverde → Epiphany is an easy West Loop/near-west hop.,Earlier 6pm start helps families. Skip Hideout late backup with kids.,https://monteverdechicago.com/,6:00 PM,from ~$25,https://dice.fm/event/8exkqv-outcast-jazz-bands-big-band-dance-party-4th-oct-epiphany-center-for-the-arts-epiphany-hall-chicago-tickets,Dance party is joyful/family-flexible earlier evening — confirm door policy. Hideout late = not for littles.,https://dice.fm/event/8exkqv-outcast-jazz-bands-big-band-dance-party-4th-oct-epiphany-center-for-the-arts-epiphany-hall-chicago-tickets,West Loop Sunday — shared plates then a big-band dance party at Epiphany,food+show ~$100–150 for two
2026-10-04,Sun,West Loop/West Town,Friends,Avec,Outcast Jazz Band Big Band Dance Party,"Half Gringa, Matt Gold",Shared plates then a big-band dance floor — best Sunday group energy on the near west side.,Buy Dice tickets ahead; don’t bank on door.,https://www.avecrestaurant.com/,6:00 PM,from ~$25,https://dice.fm/event/8exkqv-outcast-jazz-bands-big-band-dance-party-4th-oct-epiphany-center-for-the-arts-epiphany-hall-chicago-tickets,If Epiphany isn’t your room: Half Gringa at The Hideout (West Town) — intimate Sunday set.,https://do312.com/events/2026/10/4/half-gringa-matt-gold-tickets,West Loop Sunday — shared plates then a big-band dance party at Epiphany,food+show ~$100–150 for two
