Name,Neighborhood,Cuisine,Price,Vibe,Good for,Date-night notes,Reservation link,Website,Address,Photo,Thumbnail,Source,Verified,ID,Category focus,Meal window,Dishes,Status,First seen,Scraped at,All images
Bar Roma,Andersonville,italian,$$$,"date night, lively, pasta, neighborhood","Couple, Family, Friends","Steps from Magic Lounge. Roman pasta, meatballs, wood-fired; Resy.",https://resy.com/cities/chi/bar-roma,https://www.barromachicago.com/,,https://images.squarespace-cdn.com/content/v1/5bcdfd82da50d36ec0596741/1540228757201-VLCSBKWJX7J077ZC0JJD/BR-Dishes-3.jpg,,infatuation,ok,bar-roma,"date_night, pasta, neighborhood",dinner ~4–10pm,,active,2026-09-27,2026-09-27T10:05:00-05:00,"https://images.squarespace-cdn.com/content/v1/5bcdfd82da50d36ec0596741/1540228757201-VLCSBKWJX7J077ZC0JJD/BR-Dishes-3.jpg, https://images.squarespace-cdn.com/content/v1/5bcdfd82da50d36ec0596741/1564166572972-CYV2GCVVWY28A44IW2JP/BR-Dishes-6B.jpg, http://static1.squarespace.com/static/5bcdfd82da50d36ec0596741/t/5bcdfe3d24a694b32c09df9d/1540226623644/Bar+Roma+LR.jpg"
Fiya,Andersonville,levantine,$$$,"date night, shareable, patio, neighborhood","Couple, Family, Friends",Levantine soul food around a wood oven; big patio. Resy indoor/patio separate.,https://resy.com/cities/chicago-il/venues/fiya,https://www.fiyarestaurant.com/,,https://static.wixstatic.com/media/cb8e5c_8924f94b691649a5abf74a1f6de8807e~mv2.jpg,,infatuation,ok,fiya,"date_night, wood_oven, brunch",brunch + dinner (closed Tue),,active,2026-09-27,2026-09-27T10:05:00-05:00,"https://static.wixstatic.com/media/cb8e5c_8924f94b691649a5abf74a1f6de8807e~mv2.jpg, https://static.wixstatic.com/media/cb8e5c_325254fb492041fb9da13f67ea36b5d4~mv2.jpg, https://static.wixstatic.com/media/cb8e5c_18838f7ea7924402bc75aea584ce9b37~mv2.jpg"
Little Bad Wolf,Andersonville,american,$$,"casual date, lively, neighborhood, friends","Couple, Friends","Andersonville bar-restaurant; burgers/bao, walk-in only (no reservations).",,https://www.littlebadwolfchicago.com/,,https://www.littlebadwolfchicago.com/wp-content/uploads/2020/07/photo-lbw-1a.jpg,,venue_site,ok,little-bad-wolf,"casual_date, burgers, lively",dinner,,active,2026-09-27,2026-09-27T10:05:00-05:00,"https://www.littlebadwolfchicago.com/wp-content/uploads/2020/07/photo-lbw-1a.jpg, https://www.littlebadwolfchicago.com/wp-content/uploads/2020/06/photo-lbw-2.jpg"
Oda,Andersonville,georgian mediterranean,$$$,"date night, romantic, wine, neighborhood gem","Couple, Friends","Andersonville Georgian/Mediterranean; khachapuri, meze, rare wines. Strong Magic Lounge corridor Eat.",https://www.exploretock.com/odachicago/,https://odachicago.com/,,https://d1w7312wesee68.cloudfront.net/cqj9zCURrUe2ihfJnuUwehXo1yB6ZzsTJi2YPwFZkW4/ext:webp/quality:85/plain/s3://toast-sites-resources-prod/restaurantImages/87f2d696-e698-4d87-8b20-835c2d38a03b/ODA-FB-Instagram-3557.jpg,,venue_site,ok,oda,"date_night, neighborhood_gem, shareable",dinner ~5–10pm,,active,2026-09-27,2026-09-27T10:05:00-05:00,https://d1w7312wesee68.cloudfront.net/cqj9zCURrUe2ihfJnuUwehXo1yB6ZzsTJi2YPwFZkW4/ext:webp/quality:85/plain/s3://toast-sites-resources-prod/restaurantImages/87f2d696-e698-4d87-8b20-835c2d38a03b/ODA-FB-Instagram-3557.jpg
Tala House,Andersonville,new american,$$$,"date night, patio, neighborhood, shareable","Couple, Friends",New American with global flavors on Clark; OpenTable + patio.,https://www.opentable.com/r/tala-house-chicago,https://www.talahouse.com/,,https://images.squarespace-cdn.com/content/v1/66180d91ad253352a87d3b6b/5f859207-48fb-4b01-966c-6d73993a29f6/tala-house-patio-top-view.jpg,,venue_site,ok,tala-house,"date_night, neighborhood, global",dinner; weekend brunch,,active,2026-09-27,2026-09-27T10:05:00-05:00,"https://images.squarespace-cdn.com/content/v1/66180d91ad253352a87d3b6b/5f859207-48fb-4b01-966c-6d73993a29f6/tala-house-patio-top-view.jpg, https://resizer.otstatic.com/v4/photos/95371009-2?width=640&height=640"
Uvae,Andersonville,wine bar,$$$,"date night, wine, intimate, shareable","Couple, Friends",Andersonville kitchen & wine bar with fromagerie; approachable date-night wine list.,https://resy.com/cities/chicago-il/venues/uvae-kitchen-and-wine-bar,https://uvaechicago.com/,,https://static.spotapps.co/website_images/ab_websites/66563_website_v1/shared_image.jpg,,venue_site,ok,uvae,"date_night, wine, shareable",dinner ~5–10pm,,active,2026-09-27,2026-09-27T10:05:00-05:00,"https://static.spotapps.co/website_images/ab_websites/66563_website_v1/shared_image.jpg, https://static.spotapps.co/website_images/ab_websites/66563_website_v1/events_back.jpg"
Vincent,Andersonville,american bistro,$$$,"date night, romantic, quiet, intimate",Couple,Intimate Andersonville bistro; Infatuation date-night staple. Toast reservations.,https://book.toasttab.com/restaurants/08614019-b302-4996-8e10-83044b65af3b/findTime,https://www.vincentchicago.com/,,https://images.squarespace-cdn.com/content/v1/69f5453b74a4f06f40e3f155/bbea1f52-afa3-4d74-be9b-77430235aa8d/IMG_2863.JPG,,infatuation,ok,vincent,"date_night, romantic, intimate",dinner,,active,2026-09-27,2026-09-27T10:05:00-05:00,"https://images.squarespace-cdn.com/content/v1/69f5453b74a4f06f40e3f155/bbea1f52-afa3-4d74-be9b-77430235aa8d/IMG_2863.JPG, https://images.squarespace-cdn.com/content/v1/69f5453b74a4f06f40e3f155/afeb9cb6-e7c5-4adf-9469-97a0d32c30f8/IMG_2868.JPG, https://images.squarespace-cdn.com/content/v1/69f5453b74a4f06f40e3f155/d537bf08-1342-45bb-8317-a5c4d5e3ba71/IMG_2871.JPG"
Chubby Boys,Avondale,american sandwiches,$,"casual date, burgers, new","Couple, Friends",Eater 38 2026 add; casual Avondale.,,https://www.chubbyboyschicago.com/,,,,eater_chicago,ok,chubby-boys,"casual_date, burgers, new",dinner,,active,2026-09-24,2026-09-24T08:26:27-05:00,
Parachute HiFi,Avondale,korean american,$$$,"date night, first date, neighborhood gem","Couple, Friends",Avondale records + food date; underrepresented.,,https://www.parachutehospitality.com/parachute-hifi,,,,infatuation,ok,parachute-hifi,"date_night, first_date, neighborhood_gem",dinner,,active,2026-09-24,2026-09-24T08:26:27-05:00,
Santa Masa Tamaleria,Belmont Cragin,mexican,$$,"casual date, neighborhood gem, underrepresented","Couple, Friends, Family",NW side tamales gem; underrepresented.,,https://www.santamasa.com/,,,,eater_chicago,ok,santa-masa-tamaleria,"casual_date, neighborhood_gem, underrepresented",dinner,,active,2026-09-24,2026-09-24T08:26:27-05:00,
The Duck Inn,Bridgeport,american,$$$,"date night, neighborhood gem, tavern","Couple, Friends",Bridgeport tavern date; underrepresented hood.,,https://www.theduckinnchicago.com/,,,,eater_chicago,ok,the-duck-inn,"date_night, neighborhood_gem, tavern",dinner,,active,2026-09-24,2026-09-24T08:26:27-05:00,
Taqueria Chingón,Bucktown,mexican,$$,"casual date, tacos, lively","Couple, Friends",Bucktown taco date; lively casual.,,https://www.taqueriachingon.com/,,,,eater_chicago,ok,taqueria-chingon,"casual_date, tacos, lively",dinner,,active,2026-09-24,2026-09-24T08:26:27-05:00,
Nine Bar,Chinatown,cocktails chinese,$$,"date night, cocktails, underrepresented","Couple, Friends",Chinatown cocktail bar date; underrepresented hood.,,https://www.ninebarchicago.com/,,,,eater_chicago,ok,nine-bar,"date_night, cocktails, underrepresented",dinner,,active,2026-09-24,2026-09-24T08:26:27-05:00,
Duck Sel,Edgewater,french korean,$$$,"date night, neighborhood gem, underrepresented",Couple,Edgewater intimate French-Korean.,,https://www.duck-sel.com/,,,,eater_chicago,ok,duck-sel,"date_night, neighborhood_gem, underrepresented",dinner,,active,2026-09-24,2026-09-24T08:26:27-05:00,
Adalina,Gold Coast,italian,$$$$,"date night, romantic, glam",Couple,Glam Gold Coast Italian date.,https://resy.com/cities/chi/venues/adalina,https://www.adalina.com/,,,,infatuation,ok,adalina,"date_night, romantic, glam",dinner,,active,2026-09-24,2026-09-24T08:26:27-05:00,
Maple & Ash,Gold Coast,steakhouse,$$$$,"date night, steak, celebration","Couple, Friends",Theatrical steakhouse date energy.,,https://www.mapleandash.com/chicago,,,,infatuation,ok,maple-ash,"date_night, steak, celebration",dinner,,active,2026-09-24,2026-09-24T08:26:27-05:00,
Hermosa Restaurant,Hermosa,cambodian,$$,"date night, neighborhood gem, underrepresented","Couple, Friends, Family",Hermosa Cambodian gem; far west underrepresented.,,https://www.hermosarestaurant.com/,,,,eater_chicago,ok,hermosa-restaurant,"date_night, neighborhood_gem, underrepresented",dinner,,active,2026-09-24,2026-09-24T08:26:27-05:00,
Spinning J Bakery and Soda Fountain,Humboldt Park,bakery dessert,$,"casual date, dessert, underrepresented","Couple, Friends, Family",Dessert date / daytime; Humboldt Park.,,https://www.spinningj.com/,,,,eater_chicago,ok,spinning-j,"casual_date, dessert, underrepresented",dinner,,active,2026-09-24,2026-09-24T08:26:27-05:00,
Taan,Humboldt Park,thai,$$,"date night, wine, neighborhood gem","Couple, Friends",Humboldt Park Thai wine bar; underrepresented.,,https://www.taanchicago.com/,,,,infatuation,ok,taan,"date_night, wine, neighborhood_gem",dinner,,active,2026-09-24,2026-09-24T08:26:27-05:00,
Ascione Bistro,Hyde Park,italian,$$$,"date night, romantic, quiet, neighborhood","Couple, Family",Hyde Park Italian with cozy banquettes; Resy (Chicago location).,https://resy.com/cities/chi/ascione-bistro,https://ascionebistro.com/,,https://ascionebistro.com/wp-content/uploads/2025/05/image-13.jpg,,venue_site,ok,ascione-bistro,"date_night, romantic, neighborhood",dinner,,active,2026-09-27,2026-09-27T10:05:00-05:00,"https://ascionebistro.com/wp-content/uploads/2025/05/image-13.jpg, https://ascionebistro.com/wp-content/uploads/2025/05/image-12.jpg, https://ascionebistro.com/wp-content/uploads/2021/04/patio.jpg"
The Sit Down Cafe & Sushi Bar,Hyde Park,sushi,$$,"date night, quiet, neighborhood","Couple, Friends",Hyde Park cafe + sushi. Casual date near festival venues.,,https://www.sitdownchicago.com/,,https://images.unsplash.com/photo-1579871494447-9811cf80d66c?auto=format&fit=crop&w=1400&q=80,,editor_seed,confirm hours/reserve,the-sit-down-cafe-and-sushi-bar,"date_night, quiet, neighborhood",dinner ~5–9pm,,active,2026-09-23,2026-09-23T12:55:00-05:00,"https://images.unsplash.com/photo-1579871494447-9811cf80d66c?auto=format&fit=crop&w=1400&q=80, https://images.unsplash.com/photo-1553621042-f6e147245754?auto=format&fit=crop&w=1400&q=80"
Valois Restaurant,Hyde Park,american,$,"kid friendly, classic, casual, group friendly","Couple, Family, Friends","Hyde Park cafeteria classic ('See Your Food'). Cheap, fast, family-easy before campus events.",,https://www.valoisrestaurant.com/,,https://valoisrestaurant.com/wp-content/uploads/2025/10/P1100633-scaled.webp,,editor_seed,no reserve — tray line; hours end early evening,valois-restaurant,"kid_friendly, classic, casual, group_friendly",breakfast–early dinner (cafeteria hours),,active,2026-09-23,2026-09-23T12:55:00-05:00,"https://valoisrestaurant.com/wp-content/uploads/2025/10/P1100633-scaled.webp, https://valoisrestaurant.com/wp-content/uploads/2025/10/P1100633-1024x575.webp, https://valoisrestaurant.com/wp-content/uploads/2025/10/P1100633-300x168.webp, https://valoisrestaurant.com/wp-content/uploads/2025/10/P1100633-768x431.webp, https://valoisrestaurant.com/wp-content/uploads/2025/10/P1100633-1536x862.webp, https://valoisrestaurant.com/wp-content/uploads/2025/10/P1100633-2048x1150.webp"
Virtue,Hyde Park,southern,$$,"date night, quiet, neighborhood, group friendly","Couple, Family, Friends",Hyde Park Southern by Erick Williams. Strong date + festival nights (HPJF). Book ahead.,https://www.virtuerestaurant.com/,https://www.virtuerestaurant.com/,,https://images.getbento.com/accounts/8611498a7dcd1ea1602f40e4e0f741ab/media/images/74713FLK_5272.JPG,,editor_seed,ok,virtue,"date_night, quiet, neighborhood, group_friendly",dinner ~5–9pm,,active,2026-09-23,2026-09-23T12:55:00-05:00,"https://images.getbento.com/accounts/8611498a7dcd1ea1602f40e4e0f741ab/media/images/74713FLK_5272.JPG, https://media-cdn.getbento.com/eRUD7ib9TVyUpw7kyWPe_virtue-fav.png, https://images.getbento.com/accounts/8611498a7dcd1ea1602f40e4e0f741ab/mediausers/custom_fields_galleries/images/Id4IKHB8RunfNQsgQjPO_IMG_20181114_171122.jpg"
Mia Francesca,Lakeview,italian,$$,"date night, lively, group friendly, classic","Couple, Family, Friends",Lakeview Italian staple near Southport / Wrigley corridor. Mixed parties.,,https://www.miafrancesca.com/,,https://images.getbento.com/accounts/1b23cd36c568b69e43b2f69228151683/media/images/49412Photo-2_1_1.png,,editor_seed,multi-location brand — Lakeview original,mia-francesca,"date_night, lively, group_friendly, classic",dinner ~4–10pm,,active,2026-09-23,2026-09-23T12:55:00-05:00,"https://images.getbento.com/accounts/1b23cd36c568b69e43b2f69228151683/media/images/49412Photo-2_1_1.png, https://images.getbento.com/accounts/1b23cd36c568b69e43b2f69228151683/media/images/75895IMG_2266.png, https://images.getbento.com/accounts/1b23cd36c568b69e43b2f69228151683/media/images/62077Photo-2_3.png, https://images.getbento.com/accounts/1b23cd36c568b69e43b2f69228151683/media/images/97021QpxTzDSx.png"
Spacca Napoli,Lakeview,pizza,$$,"kid friendly, lively, group friendly, classic","Couple, Family, Friends",Wood-fired Neapolitan in Ravenswood/Lakeview corridor. High-chair friendly pizza night.,,https://www.spaccanapolipizzeria.com/,,https://images.squarespace-cdn.com/content/v1/66df109a79103c3b13692458/1729209141497-I0DSNJ67G5GBKQBXZQ0I/SpaccaNapoli2018_4640.jpg,,editor_seed,often walk-in wait,spacca-napoli,"kid_friendly, lively, group_friendly, classic",dinner ~5–10pm,,active,2026-09-23,2026-09-23T12:55:00-05:00,"https://images.squarespace-cdn.com/content/v1/66df109a79103c3b13692458/1729209141497-I0DSNJ67G5GBKQBXZQ0I/SpaccaNapoli2018_4640.jpg, https://images.squarespace-cdn.com/content/v1/66df109a79103c3b13692458/1729209154689-7IN8SGMMTOT4OLOMEH1V/SpaccaNapoli2018_2216.jpg, https://images.squarespace-cdn.com/content/v1/66df109a79103c3b13692458/1727555857695-X4Y86PVW84HOC3JNKSQU/SpaccaNapoli_Food13721.jpg, https://images.squarespace-cdn.com/content/v1/66df109a79103c3b13692458/1731083586462-XTXKQRUDAL3V1DCPYH16/SpaccaNapoli2018_1786.png"
Alinea,Lincoln Park,molecular,$$$$,"date night, bucket list, special occasion",Couple,Bucket-list tasting; exceptional.,,https://www.alinearestaurant.com/,,,,eater_chicago,ok,alinea,"date_night, bucket_list, special_occasion",dinner,,active,2026-09-24,2026-09-24T08:26:27-05:00,
Boka,Lincoln Park,american,$$$$,"date night, special occasion, romantic",Couple,Halsted corridor fine-dining date staple.,https://resy.com/cities/chi/venues/boka,https://bokachicago.com/,,,,infatuation,ok,boka,"date_night, special_occasion, romantic",dinner,,active,2026-09-24,2026-09-24T08:26:27-05:00,
Cafe Ba-Ba-Reeba,Lincoln Park,spanish,$$,"date night, lively, tapas, group friendly","Couple, Family, Friends","Lincoln Park tapas staple from corridor plans. Share plates; lively rooms. Kids OK earlier; later gets louder. Dishes from plans: Gambas, Patatas bravas.",https://www.cafebabareeba.com/,https://www.cafebabareeba.com/,,images/baba-hero.jpg,,corridor_seed,ok — corridor seed,cafe-ba-ba-reeba,"date_night, lively, tapas, group_friendly",dinner 4–10pm (patio/share plates),"Gambas, Patatas bravas",active,2026-09-23,2026-09-23T12:55:00-05:00,"images/baba-hero.jpg, images/dish-shrimp.jpg, images/dish-patatas.jpg, images/dish-paella.jpg, images/dish-sides.jpg, https://storage.googleapis.com/cafebabareeba_bucket/wp-content/uploads/c6cfd608-cbbr_spring-menu_0041-1.jpg"
Cafe Yaya,Lincoln Park,levantine cafe,$$,"date night, casual date, wine, neighborhood","Couple, Friends",Galit team's Lincoln Park all-day Levantine cafe + bistro; Resy.,https://resy.com/cities/chicago-il/venues/cafe-yaya,https://www.cafeyaya.com/,,https://images.squarespace-cdn.com/content/v1/66c789a35320ad740ec8d560/c4585dba-000c-4d0d-aaf3-1a8562ca25a1/Girl+eating+bread+and+wine.png,,resy,ok,cafe-yaya,"date_night, all_day, pastry",breakfast–dinner,,active,2026-09-27,2026-09-27T10:05:00-05:00,https://images.squarespace-cdn.com/content/v1/66c789a35320ad740ec8d560/c4585dba-000c-4d0d-aaf3-1a8562ca25a1/Girl+eating+bread+and+wine.png
Esmé,Lincoln Park,contemporary,$$$$,"date night, special occasion, artful",Couple,Art-collaborative tasting date.,,https://www.esmechicago.com/,,,,eater_chicago,ok,esme,"date_night, special_occasion, artful",dinner,,active,2026-09-24,2026-09-24T08:26:27-05:00,
Galit,Lincoln Park,middle eastern,$$$,"date night, first date, shareable","Couple, Friends",Wood-fired Middle Eastern; great first date.,https://resy.com/cities/chi/venues/galit,https://www.galitrestaurant.com/,,,,infatuation,ok,galit,"date_night, first_date, shareable",dinner,,active,2026-09-24,2026-09-24T08:26:27-05:00,
Geja's Cafe,Lincoln Park,fondue,$$$,"date night, quiet, romantic, classic",Couple,Fondue date-night institution. Intimate tables; couples only vibe (not family/groups of friends casually).,https://www.gejascafe.com/,https://www.gejascafe.com/,,"https://popmenucloud.com/cdn-cgi/image/width=1920,height=1920,format=auto,fit=scale-down/ftmrwdlc/d7d315a3-64b7-461f-bb1c-3742c1adf6ba.png",,editor_seed,ok,gejas-cafe,"date_night, quiet, romantic, classic",dinner ~5–10pm,,active,2026-09-23,2026-09-23T12:55:00-05:00,"https://popmenucloud.com/cdn-cgi/image/width=1920,height=1920,format=auto,fit=scale-down/ftmrwdlc/d7d315a3-64b7-461f-bb1c-3742c1adf6ba.png, https://popmenucloud.com/cdn-cgi/image/width=1920,height=1920,format=auto,fit=scale-down/fhbzuxqg/dbee43bb-dbaf-4352-91b6-f5cd3fbe9934.png, https://popmenucloud.com/cdn-cgi/image/width=1920,height=1920,format=auto,fit=scale-down/fhbzuxqg/b96bb5a6-bf12-4f0a-9662-ee820ef18587.png, https://popmenucloud.com/cdn-cgi/image/width=1200,height=630,format=auto,fit=pad,background=transparent/fhbzuxqg/1cf57c50-85c9-44ed-8181-3acd6f14ff31.png, https://popmenucloud.com/cdn-cgi/image/width=300,height=300,format=auto,fit=scale-down/fhbzuxqg/1cf57c50-85c9-44ed-8181-3acd6f14ff31.png, https://videodelivery.net/ec3200edc11fd0807022766a7b3370cb/thumbnails/thumbnail.jpg"
Mon Ami Gabi,Lincoln Park,french,$$,"date night, classic, steak frites, pre theater","Couple, Family, Friends","Lincoln Park French bistro near iO. Steak frites date energy; early seatings work for families. Dishes from plans: Steak frites, Roast chicken.",https://www.monamigabi.com/chicago/,https://www.monamigabi.com/chicago/,,images/gabi-hero.jpg,,corridor_seed,ok — corridor seed,mon-ami-gabi,"date_night, classic, steak_frites, pre_theater",dinner ~4–10pm,"Steak frites, Roast chicken, Steak frites, Roast chicken, Crème brûlée",active,2026-09-23,2026-09-23T12:55:00-05:00,"images/gabi-hero.jpg, images/dish-steak.jpg, images/dish-roast.jpg, images/dish-creme.jpg, images/dish-mussels.jpg, https://storage.googleapis.com/monamigabi2023_bucket/wp-content/uploads/a3607ff2-7b8a7573.png"
North Pond,Lincoln Park,american,$$$$,"date night, romantic, special occasion",Couple,Pond-side Arts & Crafts romantic classic.,https://resy.com/cities/chi/venues/north-pond,https://northpondrestaurant.com/,,,,infatuation,ok,north-pond,"date_night, romantic, special_occasion",dinner,,active,2026-09-24,2026-09-24T08:26:27-05:00,
Pequod's Pizza,Lincoln Park,pizza,$$,"kid friendly, lively, group friendly, classic","Couple, Family, Friends",Pan-pizza institution (Lincoln Park). Family + friends; waits on weekends.,,https://www.pequodspizza.com/,,https://images.unsplash.com/photo-1513104890138-7c749659a591?auto=format&fit=crop&w=1400&q=80,,editor_seed,walk-in; second location Morton Grove irrelevant here,pequods-pizza,"kid_friendly, lively, group_friendly, classic",lunch & dinner ~11am–11pm,,active,2026-09-23,2026-09-23T12:55:00-05:00,"https://images.unsplash.com/photo-1513104890138-7c749659a591?auto=format&fit=crop&w=1400&q=80, https://images.unsplash.com/photo-1574071318508-1cdbab80d002?auto=format&fit=crop&w=1400&q=80"
R.J. Grunts,Lincoln Park,american,$$,"kid friendly, lively, classic, group friendly","Couple, Family, Friends",Lincoln Park burger/salad bar classic near zoo/park. Family-friendly casual.,,https://www.rjgruntschicago.com/,,https://storage.googleapis.com/rjgruntschicago_bucket/wp-content/uploads/IMG_3443-1.jpg,,editor_seed,walk-in heavy,r-j-grunts,"kid_friendly, lively, classic, group_friendly",lunch & dinner ~11am–9pm,,active,2026-09-23,2026-09-23T12:55:00-05:00,"https://storage.googleapis.com/rjgruntschicago_bucket/wp-content/uploads/IMG_3443-1.jpg, https://photos.singleplatform.com/10a10036343689c0df504d6a18cf5082af5e97d8.jpg, https://photos.singleplatform.com/0d99139001f99fcaaa3b30bd312fb9071d9717ca.jpg, https://storage.googleapis.com/rjgruntschicago_bucket/wp-content/themes/lettuce/images/grunts-sign.png, https://storage.googleapis.com/rjgruntschicago_bucket/wp-content/uploads/44748690-rj-grunts-menu.jpg, https://storage.googleapis.com/rjgruntschicago_bucket/wp-content/uploads/ccee2dbe-rj-grunts-menu-back.jpg"
Riccardo Trattoria,Lincoln Park,italian,$$$,"date night, romantic, classic",Couple,Classic Lincoln Park Italian romance.,,https://www.riccardotrattoria.com/,,,,infatuation,ok,riccardo-trattoria,"date_night, romantic, classic",dinner,,active,2026-09-24,2026-09-24T08:26:27-05:00,
Bistro Campagne,Lincoln Square,french,$$$,"date night, romantic, cozy","Couple, Friends",Lincoln Square French bistro; underrepresented hood.,https://resy.com/cities/chi/venues/bistro-campagne,https://www.bistrocampagne.com/,,,,infatuation,ok,bistro-campagne,"date_night, romantic, cozy",dinner,,active,2026-09-24,2026-09-24T08:26:27-05:00,
Luella's Southern Kitchen,Lincoln Square,southern,$$,"date night, comfort, neighborhood gem","Couple, Friends, Family",Lincoln Square Southern comfort date.,,https://www.luellassouthernkitchen.com/,,,,eater_chicago,ok,luellas-southern-kitchen,"date_night, comfort, neighborhood_gem",dinner,,active,2026-09-24,2026-09-24T08:26:27-05:00,
Akahoshi Ramen,Logan Square,ramen,$$,"casual date, noodles, neighborhood gem","Couple, Friends",Destination ramen; weeknight casual date.,,https://www.akahoshiramen.com/,,,,eater_chicago,ok,akahoshi-ramen,"casual_date, noodles, neighborhood_gem",dinner,,active,2026-09-24,2026-09-24T08:26:27-05:00,
Bungalow by Middle Brow,Logan Square,pizza beer,$$,"casual date, pizza, beer","Couple, Friends",Pizza + beer casual date.,,https://www.middlebrowbeer.com/bungalow,,,,eater_chicago,ok,bungalow-by-middle-brow,"casual_date, pizza, beer",dinner,,active,2026-09-24,2026-09-24T08:26:27-05:00,
Cellar Door Provisions,Logan Square,seasonal,$$$,"date night, first date, wine",Couple,Seasonal Logan Square wine-forward.,,https://www.cellardoorprovisions.com/,,,,infatuation,ok,cellar-door-provisions,"date_night, first_date, wine",dinner,,active,2026-09-24,2026-09-24T08:26:27-05:00,
Daisies,Logan Square,american,$$$,"date night, quiet, pasta, seasonal","Couple, Friends",Seasonal Midwestern pasta (Logan). Strong couple date; book ahead.,https://www.daisieschicago.com/,https://www.daisieschicago.com/,,https://images.getbento.com/accounts/268228e5996e8411061b3005bd80dab6/media/images/98047Daisies_032223_121.jpg,,editor_seed,ok — popular; reserve early,daisies,"date_night, quiet, pasta, seasonal",dinner ~5–10pm,,active,2026-09-23,2026-09-23T12:55:00-05:00,"https://images.getbento.com/accounts/268228e5996e8411061b3005bd80dab6/media/images/98047Daisies_032223_121.jpg, https://images.getbento.com/accounts/268228e5996e8411061b3005bd80dab6/media/images/15650Beef_Tongue_Rapini-B.jpg, https://images.getbento.com/accounts/268228e5996e8411061b3005bd80dab6/media/images/25196Daisies_032223_157.jpg"
Kyōten,Logan Square,sushi,$$$$,"date night, omakase, intimate",Couple,Omakase counter date.,,https://www.kyotensushi.com/,,,,eater_chicago,ok,kyoten,"date_night, omakase, intimate",dinner,,active,2026-09-24,2026-09-24T08:26:27-05:00,
Longman & Eagle,Logan Square,american,$$,"date night, lively, whiskey, neighborhood","Couple, Friends",Logan Square whiskey + elevated comfort. Couple/friends; boisterous; not a family high-chair spot.,,https://www.longmanandeagle.com/,,https://images.squarespace-cdn.com/content/v1/62ffef918bf8f23989f7dff1/0c46a2f7-9dfd-487b-98a6-f6df32eca97a/2022_10_25_Longman_0451_small.JPG,,editor_seed,often walk-in / limited reserve,longman-and-eagle,"date_night, lively, whiskey, neighborhood",dinner ~5–11pm (late kitchen varies),,active,2026-09-23,2026-09-23T12:55:00-05:00,"https://images.squarespace-cdn.com/content/v1/62ffef918bf8f23989f7dff1/0c46a2f7-9dfd-487b-98a6-f6df32eca97a/2022_10_25_Longman_0451_small.JPG, https://images.squarespace-cdn.com/content/v1/62ffef918bf8f23989f7dff1/bc164ecf-4027-4d25-a9ea-ad6c6b0abf27/EDIT+2022_10_25_Longman_2696_small.JPG, https://images.squarespace-cdn.com/content/v1/62ffef918bf8f23989f7dff1/5d50b814-d94f-49d5-8061-4cdbb323052b/L%26E-165.jpg, https://images.squarespace-cdn.com/content/v1/62ffef918bf8f23989f7dff1/305ac9dd-ed45-4492-9507-01e3970b4fa6/L%26E-2-top.png, https://images.squarespace-cdn.com/content/v1/62ffef918bf8f23989f7dff1/45743d11-5467-4ecd-914c-1d14b64ac26e/L%26E-2-bottom.png, https://images.squarespace-cdn.com/content/v1/62ffef918bf8f23989f7dff1/bc164ecf-4027-4d25-a9ea-ad6c6b0abf27/EDIT+2022_10_25_Longman_2696_small.jpg"
Lula Cafe,Logan Square,american,$$,"date night, quiet, farm to table, neighborhood","Couple, Family, Friends","Logan Square farm-to-table classic. Seasonal plates; book ahead. Family-friendly early; intimate later. Dishes from plans: Seasonal plate, Market veg.",,https://www.lulacafe.com/,,images/lula-stock1.jpg,,corridor_seed,reserve_url unknown — use official site / call; corridor seed,lula-cafe,"date_night, quiet, farm_to_table, neighborhood",dinner ~5–10pm (brunch weekends),"Seasonal plate, Market veg, Seasonal plate, Market veg, Pasta",active,2026-09-23,2026-09-23T12:55:00-05:00,"images/lula-stock1.jpg, images/lula-stock10.jpg, images/lula-halibut.jpg, images/dish-seasonal.jpg, images/dish-vegpasta.jpg, https://images.getbento.com/accounts/7ddb4f625c4916181f9d829acbae6562/media/images/73830StockLula_1.jpg"
Mi Tocaya Antojeria,Logan Square,mexican,$$,"date night, lively, chef driven","Couple, Friends",Diana Dávila's Mexican antojitos in Logan. Couple/friends; intimate room.,,https://www.mitocaya.com/,,https://images.squarespace-cdn.com/content/v1/5804f945b3db2bd60e9993c7/1652643992171-8C9O7X22OCU1FJDQXWTN/_MG_3911.jpg,,editor_seed,confirm reserve path,mi-tocaya-antojeria,"date_night, lively, chef_driven",dinner ~5–10pm,,active,2026-09-23,2026-09-23T12:55:00-05:00,"https://images.squarespace-cdn.com/content/v1/5804f945b3db2bd60e9993c7/1652643992171-8C9O7X22OCU1FJDQXWTN/_MG_3911.jpg, https://static1.squarespace.com/static/5804f945b3db2bd60e9993c7/t/597de4c24c0dbf2d3c755f6f/1501422787647/opengraph.jpg, https://static1.squarespace.com/static/5804f945b3db2bd60e9993c7/t/597de4c24c0dbf2d3c755f6f/1501422787647/opengraph.jpg?format=1500w, https://scontent.cdninstagram.com/t51.2885-19/s150x150/15538717_1200335173355228_1605099784698331136_a.jpg, https://images.squarespace-cdn.com/content/v1/5804f945b3db2bd60e9993c7/3073968f-f799-4232-b512-5da1709ccae1/michelan.png"
Superkhana International,Logan Square,indian,$$,"date night, lively, shareable","Couple, Friends",Playful Indian; Logan Square date.,,https://www.superkhanainternational.com/,,,,eater_chicago,ok,superkhana-international,"date_night, lively, shareable",dinner,,active,2026-09-24,2026-09-24T08:26:27-05:00,
Cindy's Rooftop,Loop,american,$$$,"date night, lively, rooftop, views","Couple, Friends",Chicago Athletic Association rooftop with skyline views. Strong couple/friends vibes; windy/seasonal; not ideal with young kids.,https://www.cindysrooftop.com/,https://www.cindysrooftop.com/,,https://images.unsplash.com/photo-1514933651103-005eec06c04b?auto=format&fit=crop&w=1400&q=80,,editor_seed,reserve via CAA / OpenTable path on site,cindys-rooftop,"date_night, lively, rooftop, views",dinner ~5–10pm (weather/season dependent),,active,2026-09-23,2026-09-23T12:55:00-05:00,"https://images.unsplash.com/photo-1514933651103-005eec06c04b?auto=format&fit=crop&w=1400&q=80, https://images.unsplash.com/photo-1559339352-11d035aa65de?auto=format&fit=crop&w=1400&q=80"
Petterino's,Loop,italian,$$,"date night, classic, pre theater, quiet","Couple, Family, Friends",Theater District Italian near Goodman/Cadillac Palace. Pre-show classic; early family seatings work.,https://www.petterinos.com/,https://www.petterinos.com/,,https://resizer.otstatic.com/v4/photos/43589381-4?width=1400&height=1400&format=jpg,,editor_seed,ok,petterinos,"date_night, classic, pre_theater, quiet",dinner ~4–10pm (pre-show),,active,2026-09-23,2026-09-23T12:55:00-05:00,"https://resizer.otstatic.com/v4/photos/43589381-4?width=1400&height=1400&format=jpg, https://resizer.otstatic.com/v4/photos/43589381-4?width=1400&height=1400, https://resizer.otstatic.com/v4/photos/57476514-1?width=1400&height=1400"
The Dearborn,Loop,american,$$,"date night, lively, group friendly","Couple, Friends",Loop American near State Street. Solid post-work / pre-event eat.,,https://www.thedearbornhicago.com/,,https://resizer.otstatic.com/v4/photos/94481845-3?width=1400&height=1400&format=jpg,,editor_seed,confirm current reserve_url,the-dearborn,"date_night, lively, group_friendly",dinner ~4–10pm,,active,2026-09-23,2026-09-23T12:55:00-05:00,"https://resizer.otstatic.com/v4/photos/94481845-3?width=1400&height=1400&format=jpg, https://resizer.otstatic.com/v4/photos/94481845-3?width=1400&height=1400, https://prod-cdn.seekeasy.ai/media/posts/20a9d86e097d84a7f36a2f7712798e6636461a665d380e2e275cafcfb7232b6c_cover600x744.jpg?Expires=1790204649&Signature=hIqilIpSAbLljYkuOv7oczzv6lptFrToqzPZC3mTUHdMFfEfUgQnimeCFGVFefhF6T22soMCTzNo2UpbVccHnojvJL17rqdx9An9UKVzvWuZnTHoLZvUBLtL7V8Udf0JJI6ZVR2e6CmB-a03wP4dw3xlZyPznagLVqeN~nshdwQXmsy62J2sV~rMrMmI62AeOPuPgpoj4581E89AIoYoSQBcfx5wYESeJmgDNr4EiozXh5qfGi79mNYDh7hAEmUvwIaudsgc1C1eOpBZsFkpkLdAcyEhBnDRuG02FcWWBW9GphWdEANogHMhG1pQu4W5lu0vZmUqXNbpEn6g76Mksg__&Key-Pair-Id=K1ANI4G21ZT2FT, https://prod-cdn.seekeasy.ai/media/posts/20a9d86e097d84a7f36a2f7712798e6636461a665d380e2e275cafcfb7232b6c_poster744.webp?Expires=1790204649&Signature=gl00M9s4rI64OvjFhZnevALDovcU85-tuLlfYMVhNOdo7KZRwGH8apOCKSRIUOJDbdbrQPWWHTrjpp9W-5nPvZbdB6~ADG8DhK0W-sN7BcF8j2MZ8jwlxGag0IdcEpclpsTp6bgz~iiszKues1y1ALaphjXXpuBpUJYyj0PLLeMBOaycsbDBX~SN3NDFS7sjwWvc58GYI1kkRF666qhx81jXV4u3BdwKkgT-zM76kBodFQOlpZf0EX6~kei0FYEuvgLi7sCTsecmuWrfvqCpOUL~nAokvZNyQpfwgzgm-pjYgQ0t4vEYAquruYaK9liBlQXUntp7hkLI5EME-Jf~qQ__&Key-Pair-Id=K1ANI4G21ZT2FT, https://prod-cdn.seekeasy.ai/media/posts/6643c3dbb7be7ee8e00e271535f76f1783e4a3d350a633e6598e076e5f37b5a3_cover600x744.jpg?Expires=1790204649&Signature=jaQIi~zZ5exjfcEl1BW3xpYivLj8yia03qkzbD9N6hFN6k~78~XnAdjEMV~OirCHsGw5BPxSr8sB1trA2GOjllZB~hUYMQXjEagbJPViq6jZF9InmDUA-uFR4tF-e4SbBt1sSZ8KMWS5ZJTDH3GthBLU~BCJjDTGwJhY0ULHLSfGE-np86VJFLQewDEawkT6DcmbN6jKYQwv41OGb1YpuRLrZJAOBIomx9OD5YchwrbPbpyMogroI9hLNJiI4apdB2jvfdbQZab0r5OFhU4-dmBcyO3LjjBlnxaaQvxsevaoobW0D-UNaWYXw6hWuMFeW6vrare7izOkwUnxY4mfvw__&Key-Pair-Id=K1ANI4G21ZT2FT, https://resizer.otstatic.com/v4/photos/94426791-1?width=1400&height=1400"
The Gage,Loop,american,$$,"date night, lively, gastropub, pre theater","Couple, Friends",Millennium Park adjacent gastropub. Pre-Grant Park / theater corridor. Energetic bar; not a quiet kids room.,https://www.thegagechicago.com/,https://www.thegagechicago.com/,,https://images.squarespace-cdn.com/content/v1/5c62fca87a1fbd4531111740/1717710387379-J28T7ZRBVESM267LO4AY/The+Gage+Chicago-1.jpg,,editor_seed,ok — well-known Loop date spot,the-gage,"date_night, lively, gastropub, pre_theater",lunch & dinner ~11am–10pm,,active,2026-09-23,2026-09-23T12:55:00-05:00,"https://images.squarespace-cdn.com/content/v1/5c62fca87a1fbd4531111740/1717710387379-J28T7ZRBVESM267LO4AY/The+Gage+Chicago-1.jpg, https://images.squarespace-cdn.com/content/v1/5c62fca87a1fbd4531111740/1554931109178-RQNB7CJJXNE34GKEWCY0/008+TheGageNathanMichael.jpg, https://images.squarespace-cdn.com/content/v1/5c62fca87a1fbd4531111740/c4d46fcc-e1e7-4a7d-84f3-52d9b54847e0/IMG_3136-3.jpg, https://static1.squarespace.com/static/5c62fca87a1fbd4531111740/t/6a7ce8e9856cc060ac0d40a4/1786570985183/The-Gage+Color.png?format=1500w, https://static1.squarespace.com/static/5c62fca87a1fbd4531111740/t/6a7ce8e9856cc060ac0d40a4/1786570985183/The-Gage+Color.png, https://images.squarespace-cdn.com/content/v1/5c62fca87a1fbd4531111740/9731bf8b-7db5-4955-954e-043a2baaf42a/Gage_green_tile.jpg"
Tre Dita,Loop,italian,$$$$,"date night, special occasion, romantic",Couple,Thompson hotel Tuscan; splashy date.,,https://www.treditarestaurant.com/,,,,infatuation,ok,tre-dita,"date_night, special_occasion, romantic",dinner,,active,2026-09-24,2026-09-24T08:26:27-05:00,
Bavette's Bar & Boeuf,Near North,steakhouse,$$$$,"date night, quiet, steakhouse, cocktails","Couple, Friends","Dark, speakeasy steakhouse (Boka group). Couple special-occasion; not family.",https://www.bavetteschicago.com/,https://www.bavetteschicago.com/,,https://images.unsplash.com/photo-1558030006-450675393462?auto=format&fit=crop&w=1400&q=80,,editor_seed,ok — book well ahead,bavettes-bar-and-boeuf,"date_night, quiet, steakhouse, cocktails",dinner ~5–10pm,,active,2026-09-23,2026-09-23T12:55:00-05:00,"https://images.unsplash.com/photo-1558030006-450675393462?auto=format&fit=crop&w=1400&q=80, https://images.unsplash.com/photo-1544025162-d76694265947?auto=format&fit=crop&w=1400&q=80"
Beatrix,Near North,american,$$,"quiet, kid friendly, group friendly, all day","Couple, Family, Friends",Approachable American (Streeterville / River North locations). Easy family + mixed-party eat before Loop events.,,https://beatrixrestaurants.com/location/streeterville/,,https://storage.googleapis.com/beatrix2023_bucket/wp-content/uploads/cabe1fb1-beatrix_streeterville_rooms8.jpg,,editor_seed,multi-location — Streeterville/River North; pick closest to corridor,beatrix,"quiet, kid_friendly, group_friendly, all_day",breakfast–dinner ~7am–9pm,,active,2026-09-23,2026-09-23T12:55:00-05:00,"https://storage.googleapis.com/beatrix2023_bucket/wp-content/uploads/cabe1fb1-beatrix_streeterville_rooms8.jpg, https://scontent-ord5-1.cdninstagram.com/v/t51.82787-15/795538289_18621712078063209_4806177228306213021_n.jpg, https://scontent-ord5-2.cdninstagram.com/v/t51.82787-15/801327375_18617716294063209_8721860184179686003_n.jpg, https://scontent-ord5-2.cdninstagram.com/v/t51.82787-15/790425520_18615132229063209_8948474208320050860_n.jpg, https://scontent-ord5-1.cdninstagram.com/v/t51.82787-15/789300594_18613485814063209_5684855122095388590_n.jpg"
Gibsons Bar & Steakhouse,Near North,steakhouse,$$$$,"date night, classic, steakhouse, lively","Couple, Friends",Rush Street steakhouse icon. Cocktail + steak couple/friends; loud celebratory rooms; not family-first.,https://www.gibsonssteakhouse.com/location/gibsons-bar-steakhouse-chicago/,https://www.gibsonssteakhouse.com/location/gibsons-bar-steakhouse-chicago/,,https://gibsonssteakhouse.com/wp-content/uploads/Bone-in-Ribeye1.jpg,,editor_seed,ok,gibsons-bar-and-steakhouse,"date_night, classic, steakhouse, lively",dinner ~4–11pm,,active,2026-09-23,2026-09-23T12:55:00-05:00,"https://gibsonssteakhouse.com/wp-content/uploads/Bone-in-Ribeye1.jpg, https://gibsonssteakhouse.com/wp-content/uploads/augustine-wong-li0iC0rjvvg-unsplash-scaled.jpg, https://gibsonssteakhouse.com/wp-content/uploads/2017/05/2016_Carrot_Cake2.jpg, https://gibsonssteakhouse.com/wp-content/uploads/2017/05/2016_Carrot_Cake2-200x300.jpg, https://gibsonssteakhouse.com/wp-content/uploads/2017/05/2016_Carrot_Cake2-768x1150.jpg"
GT Fish & Oyster,Near North,seafood,$$$,"date night, lively, oysters, group friendly","Couple, Friends",River North/Near North oyster & seafood date spot. Lively bar energy.,https://www.gtoyster.com/,https://www.gtoyster.com/,,https://resizer.otstatic.com/v4/photos/42081361-1?width=1400&height=1400&format=jpg,,editor_seed,ok,gt-fish-and-oyster,"date_night, lively, oysters, group_friendly",dinner ~5–10pm,,active,2026-09-23,2026-09-23T12:55:00-05:00,"https://resizer.otstatic.com/v4/photos/42081361-1?width=1400&height=1400&format=jpg, https://resizer.otstatic.com/v4/photos/42081361-1?width=1400&height=1400"
RPM Italian,Near North,italian,$$$,"date night, lively, group friendly","Couple, Friends",River North polished Italian. Date + friends celebrations; stylish rooms.,https://www.rpmrestaurants.com/rpm-italian-chicago/,https://www.rpmrestaurants.com/rpm-italian-chicago/,,https://photos.singleplatform.com/573922369745399a6b7198b7b6c54753b4e47786.jpg,,editor_seed,ok,rpm-italian,"date_night, lively, group_friendly",dinner ~5–11pm,,active,2026-09-23,2026-09-23T12:55:00-05:00,"https://photos.singleplatform.com/573922369745399a6b7198b7b6c54753b4e47786.jpg, https://photos.singleplatform.com/38f3c96fbb40ff4111561b8e33e48e4aa3ab3771.jpg, https://photos.singleplatform.com/2a9789f3f9d4e6e211082b3fc7c072850830f5cd.jpg"
Cho Sun Ok,North Center,korean,$$,"friends, group friendly, classic, byob","Couple, Friends","North Center Korean BBQ classic; BYOB, great friends night.",,http://chosunokrestaurant.com/,,http://chosunokrestaurant.com/wp-content/uploads/2013/10/ChoSunOk-Banner-01.jpg,,infatuation,ok,cho-sun-ok,"group_dinner, korean_bbq, classic",dinner,,active,2026-09-27,2026-09-27T10:05:00-05:00,"http://chosunokrestaurant.com/wp-content/uploads/2013/10/ChoSunOk-Banner-01.jpg, http://chosunokrestaurant.com/wp-content/uploads/2013/10/ChoSunOk-Veranda.jpg, http://chosunokrestaurant.com/wp-content/uploads/2013/10/ChoSunOk-Door.jpg"
Obélix,Old Town,french,$$$,"date night, french, lively","Couple, Friends",Old Town French brasserie energy.,,https://www.obelixchicago.com/,,,,eater_chicago,ok,obelix,"date_night, french, lively",dinner,,active,2026-09-24,2026-09-24T08:26:27-05:00,
Orso's,Old Town,italian,$$,"date night, quiet, classic, pre theater","Couple, Family, Friends","Old Town Italian near Second City/Zanies. Pre-show pasta corridor staple. Dishes from plans: Pasta, Antipasti.",https://www.orsosrestaurant.com/,https://www.orsosrestaurant.com/,,images/orso-front.jpg,,corridor_seed,ok — corridor seed,orsos,"date_night, quiet, classic, pre_theater",dinner ~4–10pm,"Pasta, Antipasti",active,2026-09-23,2026-09-23T12:55:00-05:00,"images/orso-front.jpg, images/orso-dining.jpg, images/orso-date.jpg, images/dish-pasta.jpg, images/dish-antipasti.jpg, https://orsos-restaurant.s3.us-west-2.amazonaws.com/orsos-front-restaurant.webp"
Topo Gigio,Old Town,italian,$$,"date night, classic, quiet, pre theater","Couple, Family, Friends",Old Town Italian near Wells comedy corridor. Pre–Second City / Zanies alternate to Orso's.,,https://www.topogigiochicago.com/,,https://topogigiochicago.com/wp-content/uploads/2024/01/9J1A0648-1024x1536.jpg,,editor_seed,confirm reserve,topo-gigio,"date_night, classic, quiet, pre_theater",dinner ~4–10pm,,active,2026-09-23,2026-09-23T12:55:00-05:00,"https://topogigiochicago.com/wp-content/uploads/2024/01/9J1A0648-1024x1536.jpg, https://topogigiochicago.com/wp-content/uploads/2024/01/9J1A0648-300x450.jpg, https://topogigiochicago.com/wp-content/uploads/2024/01/9J1A0648-830x1245.jpg, https://topogigiochicago.com/wp-content/uploads/2024/01/9J1A0648-768x1152.jpg, https://topogigiochicago.com/wp-content/uploads/2024/01/9J1A0648-1365x2048.jpg"
Twin Anchors Restaurant & Tavern,Old Town,bbq,$$,"lively, classic, group friendly, kid friendly","Couple, Family, Friends","Old Town baby-back ribs tavern. Cash-vibe classic; lines on weekends. Family OK; loud rooms. Dishes from plans: Baby back ribs, Plate.",,https://www.twinanchorsribs.com/,,images/twin-hero.jpg,,corridor_seed,often no online reserve — walk-in/call; corridor seed,twin-anchors-restaurant-and-tavern,"lively, classic, group_friendly, kid_friendly",dinner ~4–11pm,"Baby back ribs, Plate, Baby back ribs, Plate, Steak",active,2026-09-23,2026-09-23T12:55:00-05:00,"images/twin-hero.jpg, images/dish-ribs.jpg, images/dish-dessert.jpg, https://www.twinanchorsribs.com/wp-content/uploads/Hero-image.jpg, https://images.unsplash.com/photo-1544025162-d76694265947?auto=format&fit=crop&w=1200&q=80, https://images.unsplash.com/photo-1546069901-ba9599a7e63c?auto=format&fit=crop&w=1200&q=80"
5 Rabanitos,Pilsen,mexican,$$,"kid friendly, lively, neighborhood, group friendly","Couple, Family, Friends",Pilsen Mexican family-friendly plates before Thalia / neighborhood walks.,,https://www.5rabanitos.com/,,https://static.spotapps.co/web/5rabanitos--com/custom/video_poster.jpg,,editor_seed,confirm current hours,5-rabanitos,"kid_friendly, lively, neighborhood, group_friendly",lunch & dinner ~11am–9pm,,active,2026-09-23,2026-09-23T12:55:00-05:00,"https://static.spotapps.co/web/5rabanitos--com/custom/video_poster.jpg, https://static.spotapps.co/web/5rabanitos--com/custom/about_us_back.jpg, https://static.spotapps.co/web/5rabanitos--com/custom/about_us_right.jpg, https://static.spotapps.co/web/5rabanitos--com/custom/order_online_bg.jpg"
Cerdito Muerto,Pilsen,mexican,$$,"date night, first date, intimate",Couple,Intimate Pilsen tavern date.,,https://www.cerditomuerto.com/,,,,infatuation,ok,cerdito-muerto,"date_night, first_date, intimate",dinner,,active,2026-09-24,2026-09-24T08:26:27-05:00,
Dusek's Board & Beer,Pilsen,american,$$,"date night, lively, beer, pre theater","Couple, Friends",Attached to Thalia Hall — perfect Eat→Then for Pilsen shows. Beer-forward; 21+ energy evenings.,https://www.dusekschicago.com/,https://www.dusekschicago.com/,,https://images.squarespace-cdn.com/content/v1/5b088cce620b85511ff9c68d/1584543927895-2OG0BE6LOF74FM48JC3P/TGPilsen-2.JPG,,editor_seed,ok,duseks-board-and-beer,"date_night, lively, beer, pre_theater",dinner ~5–11pm,,active,2026-09-23,2026-09-23T12:55:00-05:00,"https://images.squarespace-cdn.com/content/v1/5b088cce620b85511ff9c68d/1584543927895-2OG0BE6LOF74FM48JC3P/TGPilsen-2.JPG, https://images.squarespace-cdn.com/content/v1/5b088cce620b85511ff9c68d/1584543935075-7TL2AYXY8JLZYWAONHJ0/TGPilsen-3.JPG"
HaiSous Vietnamese Kitchen,Pilsen,vietnamese,$$$,"date night, neighborhood gem","Couple, Friends, Family",Pilsen Vietnamese fine-casual.,,https://www.haisous.com/,,,,eater_chicago,ok,haisous-vietnamese-kitchen,"date_night, neighborhood_gem",dinner,,active,2026-09-24,2026-09-24T08:26:27-05:00,
Mariscos San Pedro,Pilsen,seafood mexican,$$,"casual date, seafood, lively","Couple, Friends",Pilsen seafood casual date.,,https://www.mariscossanpedro.com/,,,,infatuation,ok,mariscos-san-pedro,"casual_date, seafood, lively",dinner,,active,2026-09-24,2026-09-24T08:26:27-05:00,
Pleasant House Pub,Pilsen,british,$$,"kid friendly, lively, pot pies, group friendly","Couple, Family, Friends",Pilsen pot pies + pub. Casual family/friends before shows.,,https://www.pleasanthousepub.com/,,https://static.spotapps.co/website_images/ab_websites/8454_website_v1/shared_image.jpg,,editor_seed,ok,pleasant-house-pub,"kid_friendly, lively, pot_pies, group_friendly",dinner ~5–10pm,,active,2026-09-23,2026-09-23T12:55:00-05:00,"https://static.spotapps.co/website_images/ab_websites/8454_website_v1/shared_image.jpg, https://static.spotapps.co/website_images/ab_websites/8454_website_v1/video_poster.jpg, https://static.spotapps.co/website_images/ab_websites/8454_website_v1/about_back.jpg, https://static.spotapps.co/website_images/ab_websites/8454_website_v1/order_catering_back.jpg, https://static.spotapps.co/website_images/ab_websites/8454_website_v1/menu.jpg"
S.K.Y.,Pilsen,contemporary,$$$,"date night, neighborhood gem, special occasion",Couple,Pilsen fine-casual date; underrepresented vs Near North.,,https://www.skyrestaurantchicago.com/,,,,infatuation,ok,sky-pilsen,"date_night, neighborhood_gem, special_occasion",dinner,,active,2026-09-24,2026-09-24T08:26:27-05:00,
Xocome Antojería,Pilsen,mexican,$$,"date night, neighborhood gem, shareable","Couple, Friends",Pilsen antojería date.,,https://www.xocome.com/,,,,infatuation,ok,xocome-antojeria,"date_night, neighborhood_gem, shareable",dinner,,active,2026-09-24,2026-09-24T08:26:27-05:00,
Community Tavern,Portage Park,steakhouse,$$$,"date night, neighborhood gem, underrepresented","Couple, Friends",Portage Park steak date; NW side gem.,,https://www.communitytavern.com/,,,,eater_chicago,ok,community-tavern,"date_night, neighborhood_gem, underrepresented",dinner,,active,2026-09-24,2026-09-24T08:26:27-05:00,
Bayan Ko,Ravenswood,filipino cuban,$$$$,"date night, romantic, intimate, special occasion",Couple,Ravenswood Filipino-Cuban prix fixe; reservation-only tasting. Michelin-noted.,https://www.opentable.com/r/bayan-ko-reservations-chicago,https://bayankochicago.com/,,https://images.squarespace-cdn.com/content/v1/5c5890494d546e3ddd291d81/1550444748350-4588HRC1D4IQMABJ7TIT/bayanko_8.jpg,,infatuation,ok,bayan-ko,"date_night, tasting_menu, intimate",dinner Wed–Sat tasting menu,,active,2026-09-27,2026-09-27T10:05:00-05:00,"https://images.squarespace-cdn.com/content/v1/5c5890494d546e3ddd291d81/1550444748350-4588HRC1D4IQMABJ7TIT/bayanko_8.jpg, https://images.squarespace-cdn.com/content/v1/5c5890494d546e3ddd291d81/1773799227910-4S76ZKG9W3KE6WCFLPHP/web+update+Croqueta.jpg, https://resizer.otstatic.com/v4/photos/87222780-2?width=640&height=640"
BienMeSabe,Ravenswood,venezuelan,$$,"casual date, family friendly, neighborhood, byob","Couple, Family, Friends",Venezuelan arepas + patio on Montrose; BYOB-friendly neighborhood date.,https://www.opentable.com/bien-me-sabe,https://www.bienmesabechicago.com/bienmesabenorthside,,https://images.squarespace-cdn.com/content/v1/5d80f5af160e82532fe42a46/1568733795874-90SXSGKG03T25GBN473P/MDS_2502.jpg,,infatuation,ok,bienmesabe,"casual_date, neighborhood, byob",dinner,,active,2026-09-27,2026-09-27T10:05:00-05:00,"https://images.squarespace-cdn.com/content/v1/5d80f5af160e82532fe42a46/1568733795874-90SXSGKG03T25GBN473P/MDS_2502.jpg, https://images.squarespace-cdn.com/content/v1/5d80f5af160e82532fe42a46/1568736166384-TEEP7A35ZN5CBS5GQ2X1/MDS_2405.jpg, https://images.squarespace-cdn.com/content/v1/5d80f5af160e82532fe42a46/1568736166563-A47UAWBYUEY6OGVB4J21/MDS_2470.jpg"
Asador Bastian,River North,basque steakhouse,$$$$,"date night, steak, special occasion",Couple,Basque asador splashy date.,,https://www.asadorbastian.com/,,,,eater_chicago,ok,asador-bastian,"date_night, steak, special_occasion",dinner,,active,2026-09-24,2026-09-24T08:26:27-05:00,
Ciccio Mio,River North,italian,$$$,"date night, lively, romantic","Couple, Friends",Old-school Italian supper-club vibes.,,https://www.cicciomio.com/,,,,infatuation,ok,ciccio-mio,"date_night, lively, romantic",dinner,,active,2026-09-24,2026-09-24T08:26:27-05:00,
Frontera Grill,River North,mexican,$$$,"date night, classic, lively","Couple, Friends, Family",Bayless classic; lively date.,,https://www.rickbayless.com/restaurants/frontera-grill/,,,,eater_chicago,ok,frontera-grill,"date_night, classic, lively",dinner,,active,2026-09-24,2026-09-24T08:26:27-05:00,
Indienne,River North,indian tasting,$$$$,"date night, special occasion, tasting menu",Couple,Modern Indian tasting date.,https://resy.com/cities/chi/venues/indienne,https://www.indiennechicago.com/,,,,infatuation,ok,indienne,"date_night, special_occasion, tasting_menu",dinner,,active,2026-09-24,2026-09-24T08:26:27-05:00,
Dēliz Italian Steakhouse,Rogers Park,italian steakhouse,$$$,"date night, neighborhood gem, romantic","Couple, Friends",Far-north neighborhood date gem; underrepresented hood.,,https://www.delizchicago.com/,,,,infatuation,ok,deliz-italian-steakhouse,"date_night, neighborhood_gem, romantic",dinner,,active,2026-09-24,2026-09-24T08:26:27-05:00,
Khmai Cambodian Fine Dining,Rogers Park,cambodian,$$$,"date night, neighborhood gem, underrepresented","Couple, Friends",Rogers Park Cambodian fine dining.,,https://www.khmaichicago.com/,,,,eater_chicago,ok,khmai-cambodian-fine-dining,"date_night, neighborhood_gem, underrepresented",dinner,,active,2026-09-24,2026-09-24T08:26:27-05:00,
Nadu,Rogers Park,sri lankan,$$$,"date night, neighborhood gem, shareable","Couple, Friends",Rogers Park Sri Lankan; underrepresented far-north.,,https://www.naduchicago.com/,,,,eater_chicago,ok,nadu,"date_night, neighborhood_gem, shareable",dinner,,active,2026-09-24,2026-09-24T08:26:27-05:00,
Le Sud,Roscoe Village,french mediterranean,$$$,"date night, romantic, patio, neighborhood","Couple, Family, Friends","Roscoe Village French-Med bistro; patio + rooftop, classic date-night.",https://resy.com/cities/chi/le-sud,https://www.lesudchicago.com/,,https://images.squarespace-cdn.com/content/v1/5e5571dfdd6bc70e5898f1f9/33a06463-b823-431c-9ba4-034e912a925a/4_1_Le_Sud_NPodraza_155.jpg,,infatuation,ok,le-sud,"date_night, patio, brunch",dinner nightly; brunch,,active,2026-09-27,2026-09-27T10:05:00-05:00,"https://images.squarespace-cdn.com/content/v1/5e5571dfdd6bc70e5898f1f9/33a06463-b823-431c-9ba4-034e912a925a/4_1_Le_Sud_NPodraza_155.jpg, https://images.squarespace-cdn.com/content/v1/5e5571dfdd6bc70e5898f1f9/fa724b64-c929-4d6d-a1f7-699161f11e3d/Brunch+plate+with+roasted+potatoes+and+omelette.png"
Turquoise,Roscoe Village,turkish,$$,"date night, romantic, neighborhood, shareable","Couple, Family, Friends","Turkish Roscoe Village date staple; kebabs, manti, couch seating.",https://resy.com/cities/chicago-il/venues/turquoise-cafe-and-restaurant,https://turquoisedining.com/,,https://static.spotapps.co/website_images/ab_websites/8862_website_v1/social_share_img.jpg,,infatuation,ok,turquoise,"date_night, mediterranean, neighborhood",dinner,,active,2026-09-27,2026-09-27T10:05:00-05:00,"https://static.spotapps.co/website_images/ab_websites/8862_website_v1/social_share_img.jpg, https://static.spotapps.co/website_images/ab_websites/8862_website_v1/video_poster.jpg"
Acadia,South Loop,contemporary,$$$$,"date night, quiet, fine dining",Couple,Fine-dining tasting (special occasion). Couples; not family or large casual groups.,https://www.acadiachicago.com/,https://www.acadiachicago.com/,,https://images.unsplash.com/photo-1504674900247-0877df9cc836?auto=format&fit=crop&w=1400&q=80,,editor_seed,tasting menu / tasting hours — confirm before matching,acadia,"date_night, quiet, fine_dining",dinner tasting ~5:30–9pm,,active,2026-09-23,2026-09-23T12:55:00-05:00,"https://images.unsplash.com/photo-1504674900247-0877df9cc836?auto=format&fit=crop&w=1400&q=80, https://images.unsplash.com/photo-1550966871-3ed3cdb5ed0c?auto=format&fit=crop&w=1400&q=80"
Chicago Firehouse Restaurant,South Loop,american,$$,"date night, classic, group friendly","Couple, Family, Friends",Historic firehouse setting in South Loop. Classic American; works for mixed parties.,https://www.chicagofirehouse.com/,https://www.chicagofirehouse.com/,,https://images.unsplash.com/photo-1559339352-11d035aa65de?auto=format&fit=crop&w=1400&q=80,,editor_seed,ok,chicago-firehouse-restaurant,"date_night, classic, group_friendly",dinner ~5–10pm,,active,2026-09-23,2026-09-23T12:55:00-05:00,"https://images.unsplash.com/photo-1559339352-11d035aa65de?auto=format&fit=crop&w=1400&q=80, https://images.unsplash.com/photo-1466978913421-dad2ebd01d17?auto=format&fit=crop&w=1400&q=80"
Gioco,South Loop,italian,$$,"date night, quiet, neighborhood","Couple, Family, Friends",South Loop Italian near Blues / Museum Campus nights. Good pre–Buddy Guy's corridor.,,https://www.gioco-chicago.com/,,https://images.unsplash.com/photo-1551183053-bf91a1d81141?auto=format&fit=crop&w=1400&q=80,,editor_seed,confirm reserve_url,gioco,"date_night, quiet, neighborhood",dinner ~5–10pm,,active,2026-09-23,2026-09-23T12:55:00-05:00,"https://images.unsplash.com/photo-1551183053-bf91a1d81141?auto=format&fit=crop&w=1400&q=80, https://images.unsplash.com/photo-1621996346565-e3dbc646d9a9?auto=format&fit=crop&w=1400&q=80"
Oliver's,South Loop,american,$$$,"date night, new, neighborhood gem","Couple, Friends",Eater 38 spring 2026 add; South Loop.,,https://www.oliverschicago.com/,,,,eater_chicago,ok,olivers-south-loop,"date_night, new, neighborhood_gem",dinner,,active,2026-09-24,2026-09-24T08:26:27-05:00,
"Joe's Seafood, Prime Steak & Stone Crab",Streeterville,seafood,$$$,"date night, classic, steakhouse, group friendly","Couple, Friends",Streeterville seafood/steak institution. Special-occasion couple/friends; dressier; not kid-primary.,https://www.joes.net/chicago/,https://www.joes.net/chicago/,,https://storage.googleapis.com/joes_2024_bucket/wp-content/uploads/a4bc5670-joes-1431-scaled.jpg,,editor_seed,ok,joes-seafood-prime-steak-and-stone-crab,"date_night, classic, steakhouse, group_friendly",dinner ~5–10pm,,active,2026-09-23,2026-09-23T12:55:00-05:00,"https://storage.googleapis.com/joes_2024_bucket/wp-content/uploads/a4bc5670-joes-1431-scaled.jpg, https://storage.googleapis.com/joes_2024_bucket/wp-content/uploads/12557094-washingtondc_joes-13762-scaled.jpg, https://storage.googleapis.com/joes_2024_bucket/wp-content/uploads/12557094-washingtondc_joes-13762-150x150.jpg, https://storage.googleapis.com/joes_2024_bucket/wp-content/uploads/12557094-washingtondc_joes-13762-300x200.jpg, https://storage.googleapis.com/joes_2024_bucket/wp-content/uploads/12557094-washingtondc_joes-13762-768x512.jpg"
Volare,Streeterville,italian,$$,"date night, classic, quiet, pre theater","Couple, Family, Friends",Streeterville Italian near Mag Mile / Navy Pier corridor. Classic red-sauce date energy.,,https://www.volarerestaurant.com/,,https://images.squarespace-cdn.com/content/v1/58b5ae81be65947fa34a070c/f8ed541c-cff2-425a-9aa2-4ef62df912b7/volare-italianweek-25.jpg,,editor_seed,confirm reserve path,volare,"date_night, classic, quiet, pre_theater",dinner ~4–10pm,,active,2026-09-23,2026-09-23T12:55:00-05:00,"https://images.squarespace-cdn.com/content/v1/58b5ae81be65947fa34a070c/f8ed541c-cff2-425a-9aa2-4ef62df912b7/volare-italianweek-25.jpg, https://images.squarespace-cdn.com/content/v1/58b5ae81be65947fa34a070c/1699583907572-RTZA4YAALRG0MRN3M0Q9/volare-italianweek-35.jpg, https://static1.squarespace.com/static/58b5ae81be65947fa34a070c/t/58ce47c6e3df28b242a71a10/1489913798472/148990582344157.png?format=1500w, https://static1.squarespace.com/static/58b5ae81be65947fa34a070c/t/58ce47c6e3df28b242a71a10/1489913798472/148990582344157.png, https://images.squarespace-cdn.com/content/v1/58b5ae81be65947fa34a070c/3cd23ea8-f0bd-479c-b737-3478bc0a8778/tripadvisor2023.png"
All Well,Ukrainian Village,american,$$$,"date night, wine, cozy","Couple, Friends",UV wine bar / prix-fixe date.,,https://www.allwellchicago.com/,,,,infatuation,ok,all-well,"date_night, wine, cozy",dinner,,active,2026-09-24,2026-09-24T08:26:27-05:00,
Anelya,Ukrainian Village,ukrainian,$$$,"date night, neighborhood gem, cozy","Couple, Friends",Ukrainian tasting/cozy date; underrepresented cuisine.,,https://www.anelya.co/,,,,infatuation,ok,anelya,"date_night, neighborhood_gem, cozy",dinner,,active,2026-09-24,2026-09-24T08:26:27-05:00,
Kasama,Ukrainian Village,filipino,$$$$,"date night, special occasion, tasting menu",Couple,Daytime bakery / evening tasting; UV gem.,https://resy.com/cities/chi/venues/kasama,https://www.kasamachicago.com/,,,,infatuation,ok,kasama,"date_night, special_occasion, tasting_menu",dinner,,active,2026-09-24,2026-09-24T08:26:27-05:00,
Chez Joel,University Village,french,$$$,"date night, romantic, cozy",Couple,Tiny French bistro near UIC; neighborhood gem.,,https://www.chezjoelbistro.com/,,,,infatuation,ok,chez-joel,"date_night, romantic, cozy",dinner,,active,2026-09-24,2026-09-24T08:26:27-05:00,
Anteprima,Uptown,italian,$$,"date night, quiet, neighborhood, kid friendly","Couple, Family, Friends","Andersonville Italian used on family corridor nights. Pasta + antipasti; calmer than Hopleaf. Dishes from plans: Pasta, Antipasti. Biweekly touch 2026-09-27; still strong Magic Lounge Eat.",https://www.anteprimachicago.net/,https://www.anteprimachicago.net/,,https://images.squarespace-cdn.com/content/v1/5b04ad0596d455bcadf5a4f1/1529047504361-R48IO9NNCWH6XSRLQSTN/Anteprima+Exterior.JPG,,corridor_seed,neighborhood tagged Uptown (Andersonville); confirm reserve path,anteprima,"date_night, quiet, neighborhood, kid_friendly",dinner ~5–10pm,"Pasta, Antipasti",active,2026-09-23,2026-09-27T10:05:00-05:00,"https://images.squarespace-cdn.com/content/v1/5b04ad0596d455bcadf5a4f1/1529047504361-R48IO9NNCWH6XSRLQSTN/Anteprima+Exterior.JPG, https://images.unsplash.com/photo-1414235077428-338989a2e8c0?auto=format&fit=crop&w=1400&q=80, https://scontent.cdninstagram.com/vp/f79f93b803b71c5b6177496a3027e47e/5BBD84CA/t51.2885-19/s150x150/13703193_288802661481625_1095939031_a.jpg, images/dish-pasta.jpg"
Big Jones,Uptown,southern,$$,"date night, quiet, brunch, neighborhood","Couple, Family, Friends",Andersonville Southern (tagged Uptown corridor). Bourbon + biscuits date; brunch family-friendly.,https://www.bigjoneschicago.com/,https://www.bigjoneschicago.com/,,https://d1w7312wesee68.cloudfront.net/GmZ3-gVStDWwFW1fito4BNxnR4gAVbszABeM9II7fvo/ext:webp/quality:85/c:2142:2856:ce:0:0/plain/s3://toast-sites-resources-prod/restaurantImages/668d2bef-6cad-456f-97ca-80d60de79fbf/CC1D8242-058A-4707-B0F6-07F0AE553964.JPEG,,editor_seed,Andersonville — tagged Uptown to align scout neighborhoods,big-jones,"date_night, quiet, brunch, neighborhood",brunch & dinner (check daypart),,active,2026-09-23,2026-09-23T12:55:00-05:00,"https://d1w7312wesee68.cloudfront.net/GmZ3-gVStDWwFW1fito4BNxnR4gAVbszABeM9II7fvo/ext:webp/quality:85/c:2142:2856:ce:0:0/plain/s3://toast-sites-resources-prod/restaurantImages/668d2bef-6cad-456f-97ca-80d60de79fbf/CC1D8242-058A-4707-B0F6-07F0AE553964.JPEG, https://d2s742iet3d3t1.cloudfront.net/restaurant_service/restaurants/41a841c6-17e8-40de-aaeb-c0bf0514b2a6/Restaurant/7f0f33c2-c755-48e1-8fac-fdb59fa68178.jpg"
Demera,Uptown,ethiopian,$$,"date night, shareable, family friendly, neighborhood","Couple, Family, Friends","Uptown Ethiopian classic near Argyle; shareable platters, Resy.",https://resy.com/cities/chicago-il/venues/demera-ethiopian-restaurant,https://www.demerachicago.com/,,https://images.squarespace-cdn.com/content/v1/625527f786474f46124ba0f7/fa11b3ab-efca-4b1c-9762-77be1553c321/059A3415.jpg,,venue_site,ok,demera,"date_night, shareable, neighborhood",dinner,,active,2026-09-27,2026-09-27T10:05:00-05:00,"https://images.squarespace-cdn.com/content/v1/625527f786474f46124ba0f7/fa11b3ab-efca-4b1c-9762-77be1553c321/059A3415.jpg, https://images.squarespace-cdn.com/content/v1/625527f786474f46124ba0f7/d75161ef-7412-412f-9664-ee18a9a9283d/Demera+-067.jpg, https://images.squarespace-cdn.com/content/v1/625527f786474f46124ba0f7/9cf0bece-95d4-4d61-a854-5d9753512d09/demera_wh-6-2.jpg"
Hopleaf,Uptown,belgian,$$,"date night, lively, beer bar, mussels","Couple, Friends","Andersonville/Uptown Belgian beer + mussels. Strong couple/friends pick; not a high-chair family room. Dishes from plans: Mussels, Frites.",,https://hopleafbar.com/,,images/hopleaf-hero.jpg,,corridor_seed,neighborhood tagged Uptown (Andersonville edge); reserve often walk-in/call,hopleaf,"date_night, lively, beer_bar, mussels",dinner ~5–11pm,"Mussels, Frites",active,2026-09-23,2026-09-23T12:55:00-05:00,"images/hopleaf-hero.jpg, images/dish-mussels.jpg, images/dish-frites.jpg, images/dish-beer.jpg, https://hopleafbar.com/wp-content/uploads/2021/03/Unknown.jpeg"
Milly's Pizza In The Pan,Uptown,pizza,$$,"casual date, pizza, neighborhood gem","Couple, Friends",Pan pizza destination; Uptown.,,https://www.millyspizza.com/,,,,eater_chicago,ok,millys-pizza,"casual_date, pizza, neighborhood_gem",dinner,,active,2026-09-24,2026-09-24T08:26:27-05:00,
Au Cheval,West Loop,american diner,$$$,"casual date, lively, classic, late night","Couple, Friends",West Loop diner legend; limited Resy + walk-ins. Burger date destination.,https://resy.com/cities/chicago-il/venues/au-cheval-chicago,https://www.auchevaldiner.com/chicago,,https://images.squarespace-cdn.com/content/v1/66e88482bbf8191c95a0db67/80c08e08-d71a-4766-8c5c-4a19591b768c/auc1-29.jpg,,eater_chicago,ok,au-cheval,"casual_date, burgers, lively",lunch–late,,active,2026-09-27,2026-09-27T10:05:00-05:00,"https://images.squarespace-cdn.com/content/v1/66e88482bbf8191c95a0db67/80c08e08-d71a-4766-8c5c-4a19591b768c/auc1-29.jpg, https://images.squarespace-cdn.com/content/v1/66e88482bbf8191c95a0db67/9501021a-5708-4c15-aae8-603bab127779/_MG_8496+copy.jpg"
Avec,West Loop,mediterranean,$$$,"date night, shareable, lively","Couple, Friends",Communal Mediterranean classic. Photos filled from venue site 2026-09-27.,https://resy.com/cities/chi/venues/avec,https://www.avecrestaurant.com/,,https://images.getbento.com/accounts/ebd8868d5a1468df664c380099992dfe/media/images/72027Avec_Fish_Dinner_2000px.jpg,,infatuation,ok,avec,"date_night, shareable, lively",dinner,,active,2026-09-24,2026-09-27T10:05:00-05:00,"https://images.getbento.com/accounts/ebd8868d5a1468df664c380099992dfe/media/images/72027Avec_Fish_Dinner_2000px.jpg, https://images.getbento.com/accounts/ebd8868d5a1468df664c380099992dfe/media/images/22553avec_Interior-Doug_Fogelson.JPG, https://images.getbento.com/accounts/ebd8868d5a1468df664c380099992dfe/media/images/62582avec_River_North_2000px_DSC_7925.jpg"
Beaumont's,West Loop,american,$$$,"date night, lively, walk in bar","Couple, Friends",Newer tavern date; bar walk-ins friendly.,,https://www.beaumontschicago.com/,,,,infatuation,ok,beaumonts,"date_night, lively, walk_in_bar",dinner,,active,2026-09-24,2026-09-24T08:26:27-05:00,
Daisies West Loop,West Loop,pasta seasonal,$$$,"date night, pasta, lively","Couple, Friends",West Loop Daisies expansion; pasta date. Logan original already catalogued.,,https://www.daisieschicago.com/west-loop,,,,eater_chicago,ok,daisies-west-loop,"date_night, pasta, lively",dinner,,active,2026-09-24,2026-09-24T08:26:27-05:00,
Ever,West Loop,american tasting,$$$$,"date night, special occasion, tasting menu",Couple,West Loop tasting special-occasion.,,https://www.ever-restaurant.com/,,,,eater_chicago,ok,ever,"date_night, special_occasion, tasting_menu",dinner,,active,2026-09-24,2026-09-24T08:26:27-05:00,
Girl & the Goat,West Loop,american,$$$,"date night, lively, shareable, special occasion","Couple, Friends","Stephanie Izard West Loop classic; shareable plates, high-energy date.",https://www.opentable.com/r/girl-and-the-goat-reservations-chicago?restref=44629,https://www.girlandthegoat.com/chicago,,https://cdn.prod.website-files.com/64542138e0be122910058cd2/698386ff924420ec20d5563a_10_25_Girl_and_the_Goat_Service_Guests_Interior_NP_35.jpeg,,timeout_chicago,ok,girl-and-the-goat,"date_night, shareable, lively",dinner,,active,2026-09-27,2026-09-27T10:05:00-05:00,https://cdn.prod.website-files.com/64542138e0be122910058cd2/698386ff924420ec20d5563a_10_25_Girl_and_the_Goat_Service_Guests_Interior_NP_35.jpeg
Jeong,West Loop,korean,$$$,"date night, neighborhood gem","Couple, Friends",Korean date-night adjacent from Time Out orbit.,,https://www.jeongchicago.com/,,,,timeout_chicago,ok,jeong,"date_night, neighborhood_gem",dinner,,active,2026-09-24,2026-09-24T08:26:27-05:00,
Kumiko,West Loop,japanese,$$$$,"date night, cocktails, intimate",Couple,Intimate Japanese cocktail bar + tasting; strong date.,https://resy.com/cities/chi/venues/kumiko,https://www.kumikochicago.com/,,,,infatuation,ok,kumiko,"date_night, cocktails, intimate",dinner,,active,2026-09-24,2026-09-24T08:26:27-05:00,
Maxwells Trading,West Loop,american,$$$,"date night, lively, wine","Couple, Friends",Fulton Market wine-forward date.,,https://www.maxwellstrading.com/,,,,eater_chicago,ok,maxwells-trading,"date_night, lively, wine",dinner,,active,2026-09-24,2026-09-24T08:26:27-05:00,
Milli by Metric,West Loop,indian,$$,"casual date, lunch dinner, new","Couple, Friends",Eater 38 2026 add; casual Indian.,,https://www.metricchicago.com/,,,,eater_chicago,ok,milli-by-metric,"casual_date, lunch_dinner, new",dinner,,active,2026-09-24,2026-09-24T08:26:27-05:00,
Mirra,West Loop,mexican indian,$$$,"date night, shareable, lively","Couple, Friends",Mexican-Indian mashup date energy.,,https://www.mirrachicago.com/,,,,eater_chicago,ok,mirra,"date_night, shareable, lively",dinner,,active,2026-09-24,2026-09-24T08:26:27-05:00,
Mister Tiger,West Loop,steakhouse,$$$,"date night, steak, lively","Couple, Friends",Newer West Loop steak date spot.,,https://www.mistertigerchicago.com/,,,,infatuation,ok,mister-tiger,"date_night, steak, lively",dinner,,active,2026-09-24,2026-09-24T08:26:27-05:00,
Monteverde,West Loop,italian,$$$,"date night, pasta, lively","Couple, Friends, Family",Pasta temple; works for dates and groups. Image + Resy slug refreshed 2026-09-27.,https://resy.com/cities/chi/venues/monteverde,https://monteverdechicago.com/,,https://monteverdechicago.com/wp-content/uploads/2023/09/Burrata-e-Ham-PB-4-scaled.jpg,,infatuation,ok,monteverde,"date_night, pasta, lively",dinner,,active,2026-09-24,2026-09-27T10:05:00-05:00,"https://monteverdechicago.com/wp-content/uploads/2023/09/Burrata-e-Ham-PB-4-scaled.jpg, https://monteverdechicago.com/wp-content/uploads/2020/05/Mercato1-scaled.jpg"
Oriole,West Loop,american tasting,$$$$,"date night, special occasion, tasting menu",Couple,Top-tier tasting date.,https://resy.com/cities/chi/venues/oriole,https://oriolechicago.com/,,,,infatuation,ok,oriole,"date_night, special_occasion, tasting_menu",dinner,,active,2026-09-24,2026-09-24T08:26:27-05:00,
Piccolo Sogno,West Loop,italian,$$$,"date night, romantic, patio","Couple, Friends",Garden patio Italian romance.,,https://www.piccolosognorestaurant.com/,,,,infatuation,ok,piccolo-sogno,"date_night, romantic, patio",dinner,,active,2026-09-24,2026-09-24T08:26:27-05:00,
ROOH,West Loop,indian,$$$,"date night, lively","Couple, Friends",Modern Indian West Loop date.,,https://www.roohchicago.com/,,,,eater_chicago,ok,rooh,"date_night, lively",dinner,,active,2026-09-24,2026-09-24T08:26:27-05:00,
Rose Mary,West Loop,croatian italian,$$$,"date night, lively, shareable","Couple, Friends",Adriatic sharing plates; Fulton Market.,,https://www.rosemarychicago.com/,,,,eater_chicago,ok,rose-mary,"date_night, lively, shareable",dinner,,active,2026-09-24,2026-09-24T08:26:27-05:00,
Smyth,West Loop,american tasting,$$$$,"date night, special occasion, tasting menu",Couple,Three-star special-occasion date.,,https://www.smythandtheloyalist.com/,,,,eater_chicago,ok,smyth,"date_night, special_occasion, tasting_menu",dinner,,active,2026-09-24,2026-09-24T08:26:27-05:00,
The Publican,West Loop,american seafood,$$$,"date night, lively, shareable, friends","Couple, Friends","Fulton Market beer hall seafood/pork temple; communal tables, OpenTable.",https://www.opentable.com/r/the-publican-chicago,https://www.thepublicanrestaurant.com/,,https://images.getbento.com/accounts/5020c7c87850ebfa1dbda1e85b78e891/media/images/42127DSCF2355.jpg,,timeout_chicago,ok,the-publican,"date_night, shareable, beer",dinner; brunch,,active,2026-09-27,2026-09-27T10:05:00-05:00,"https://images.getbento.com/accounts/5020c7c87850ebfa1dbda1e85b78e891/media/images/42127DSCF2355.jpg, https://images.getbento.com/accounts/5020c7c87850ebfa1dbda1e85b78e891/media/images/418DSC_7059_Catering_2000px.jpg, https://images.getbento.com/accounts/5020c7c87850ebfa1dbda1e85b78e891/media/images/83139PUB_10.23_To_Go_23.jpg"
Trino,West Loop,mexican,$$$,"date night, lively","Couple, Friends",Time Out orbit Mexican date.,,https://www.trinochicago.com/,,,,timeout_chicago,ok,trino,"date_night, lively",dinner,,active,2026-09-24,2026-09-24T08:26:27-05:00,
Valhalla,West Loop,contemporary,$$$$,"date night, special occasion, intimate",Couple,Tiny tasting counter date.,,https://www.valhallachicago.com/,,,,infatuation,ok,valhalla-chicago,"date_night, special_occasion, intimate",dinner,,active,2026-09-24,2026-09-24T08:26:27-05:00,
Cariño,West Town,mexican tasting,$$$$,"date night, special occasion, tasting menu",Couple,Mexican tasting menu date.,,https://www.carinochicago.com/,,,,infatuation,ok,carino,"date_night, special_occasion, tasting_menu",dinner,,active,2026-09-24,2026-09-24T08:26:27-05:00,
Pizz'Amici,West Town,pizza,$$,"date night, casual, first date","Couple, Friends",Intimate pizza date; low-key impressive.,,https://www.pizzamicichicago.com/,,,,infatuation,ok,pizzamici,"date_night, casual, first_date",dinner,,active,2026-09-24,2026-09-24T08:26:27-05:00,
Big Star,Wicker Park,mexican,$,"lively, tacos, group friendly","Couple, Friends",Wicker Park tacos + whiskey. Loud patio; friends-first; not quiet date or young kids.,,https://www.bigstarchicago.com/,,https://images.getbento.com/accounts/a3609d8b7598fd053f5300adf7173980/media/images/29744Big_Star_Wicker_Park_DSC_3463_1.jpg,,editor_seed,walk-in / patio waits,big-star,"lively, tacos, group_friendly",dinner ~5pm–late,,active,2026-09-23,2026-09-23T12:55:00-05:00,"https://images.getbento.com/accounts/a3609d8b7598fd053f5300adf7173980/media/images/29744Big_Star_Wicker_Park_DSC_3463_1.jpg, https://images.getbento.com/accounts/a3609d8b7598fd053f5300adf7173980/media/images/17246BigStar15-29.jpg, https://images.getbento.com/accounts/a3609d8b7598fd053f5300adf7173980/media/images/77537BSWT_Restaurant_Week-15_1.jpg"
Dove's Luncheonette,Wicker Park,mexican,$$,"date night, lively, tex mex, group friendly","Couple, Friends",Wicker Park Tex-Mex diner-ish from One Off. Couple/friends; counter energy.,,https://www.doveschicago.com/,,https://images.squarespace-cdn.com/content/v1/54285a68e4b0948d76932ee5/1669409205467-PDVBV5VNDODY8QL2JXO8/Dove%27s_11-14-22_Social.jpg,,editor_seed,neighborhood beyond core 11 but in events inventory,doves-luncheonette,"date_night, lively, tex_mex, group_friendly",dinner ~5–10pm (brunch weekends),,active,2026-09-23,2026-09-23T12:55:00-05:00,"https://images.squarespace-cdn.com/content/v1/54285a68e4b0948d76932ee5/1669409205467-PDVBV5VNDODY8QL2JXO8/Dove%27s_11-14-22_Social.jpg, https://images.squarespace-cdn.com/content/v1/54285a68e4b0948d76932ee5/1757519121740-I591M69QZIBLMFG0L96E/Doves_11-07-22_Social.jpg, https://images.squarespace-cdn.com/content/v1/54285a68e4b0948d76932ee5/1669409330586-PDV4T228JLOP3CO0QE2Z/Dove%27s+Luncheonette_2000px.jpg, https://images.squarespace-cdn.com/content/v1/54285a68e4b0948d76932ee5/1669409393739-FYEW338EZJ99J2ND3BJ1/Doves_Mexican+Holiday+Dinner+Series_DSC_9073-Edit.jpg"
Mama Delia,Wicker Park,spanish,$$$,"date night, romantic, cocktails, shareable","Couple, Friends",Spanish restaurant & sherry bar on Division; immersive date energy.,https://www.opentable.com/r/mama-delia-chicago,https://www.mamadelia.com/,,https://www.mamadelia.com/photos/2025-05-09-MamaDelia-WebRes-6372.jpg,,venue_site,ok,mama-delia,"date_night, sherry, tapas",dinner,,active,2026-09-27,2026-09-27T10:05:00-05:00,"https://www.mamadelia.com/photos/2025-05-09-MamaDelia-WebRes-6372.jpg, https://www.mamadelia.com/photos/MamaDelia.Patio1.jpg, https://www.mamadelia.com/photos/2025-05-09-MamaDelia-WebRes-6176.jpg, https://resizer.otstatic.com/v4/photos/88679719-4?width=640&height=640"
Port Union,Wicker Park,latin american,$$$,"date night, cocktails, lively, neighborhood gem","Couple, Friends",Wicker Park Latin-influenced American + cocktail bar; OpenTable.,https://www.opentable.com/r/port-union-reservations-chicago,https://portuchicago.com/,,https://static.spotapps.co/website_images/ab_websites/98816_website_v2/about_3.jpg,,venue_site,ok,port-union,"date_night, cocktails, neighborhood_gem",dinner,,active,2026-09-27,2026-09-27T10:05:00-05:00,"https://static.spotapps.co/website_images/ab_websites/98816_website_v2/about_3.jpg, https://static.spotapps.co/website_images/ab_websites/98816_website_v2/drinks_new.jpg"
QXY Dumplings (Wicker Park),Wicker Park,chinese dumplings,$$,"casual date, shareable, neighborhood gem, wine","Couple, Friends",QXY Wicker Park (Division) dumplings with wine pairings; book via venue form.,https://qxydumpling.com/booktables/,https://qxydumpling.com/,,https://i1.wp.com/qxydumpling.com/wp-content/uploads/2016/12/dsc01321.jpg,,infatuation,needs_check,qxy-dumplings-wicker-park,"casual_date, dumplings, wine",dinner,,active,2026-09-27,2026-09-27T10:05:00-05:00,"https://i1.wp.com/qxydumpling.com/wp-content/uploads/2016/12/dsc01321.jpg, https://i2.wp.com/qxydumpling.com/wp-content/uploads/2016/12/dsc01291.jpg, https://i1.wp.com/qxydumpling.com/wp-content/uploads/2014/05/tru-studio-qxy_co-021.jpg"
